ncm;cean;xprod;picms;picmsst;pmvast
39174090;SEM GTIN;"CAP PP CINZA ROSCA 06 - 2""";12.00;0.0;0.0
84818021;SEM GTIN;"FTV-142 1""BSPT C/ EAR";12.00;0.0;0.0
59090000;SEM GTIN;"MANGUEIRA FLEXCASTY TIPO 2 - 1.1/2&quot; X 20M - LAT�O";12.00;0.0;0.0
90262010;;MANOMETRO ANALOGICO BAIONETA 100MM, SAIDA HORIZONTALEXCENTRICO 100 MM GLICERINA, CAIXA INOX, ELEMENTO SENSOR LATAO, PO;0.0;0.0;0.0
84818094;SEM GTIN;VALV. GLOBO FORJADA 800LBS XU SW 1p;4.0000;0.0;0.0
84818093;SEM GTIN;GAVETA HASTE ASCENDENTE WCB VED. METAL FLANGE ANSI 150 2p;4.0000;0.0;0.0
73071100;SEM GTIN;CONEXAO RETA MACHO 1/8X06 BSP;4.0000;0.0;0.0
73071100;SEM GTIN;CONEXAO RETA MACHO 1/4X10 BSP;4.0000;0.0;0.0
73071100;SEM GTIN;CONEXAO RETA MACHO 1/4X08 BSP;4.0000;0.0;0.0
73071100;SEM GTIN;CONEXAO RETA MACHO 1/8X08 BSP;4.0000;0.0;0.0
39174090;SEM GTIN;UNIAO RETA 04MM;4.0000;0.0;0.0
39174090;SEM GTIN;UNIAO RETA 08MM;4.0000;0.0;0.0
73071100;SEM GTIN;CONEXAO RETA FEMEA 1/2X08 BSP;4.0000;0.0;0.0
73071100;SEM GTIN;CONEXAO RETA MACHO 1/4X04 BSP;4.0000;0.0;0.0
73071100;SEM GTIN;CONEXAO RETA MACHO 1/2X12 BSP;4.0000;0.0;0.0
73071100;SEM GTIN;CONEXAO RETA MACHO 1/4X08 BSP;4.0000;0.0;0.0
73071100;SEM GTIN;CONEXAO RETA MACHO 1/8X08 BSP;4.0000;0.0;0.0
39174090;SEM GTIN;UNIAO EM L 10MM;4.0000;0.0;0.0
39174090;SEM GTIN;UNIAO EM L 04MM;4.0000;0.0;0.0
39174090;SEM GTIN;UNIAO PARA REDUCAO 10MMX06MM;4.0000;0.0;0.0
39174090;SEM GTIN;UNIAO PARA REDUCAO 08MMX06MM;4.0000;0.0;0.0
39174090;SEM GTIN;UNIAO RETA 10MM;4.0000;0.0;0.0
39174090;SEM GTIN;UNIAO RETA 04MM;4.0000;0.0;0.0
39174090;SEM GTIN;UNIAO RETA 06MM;4.0000;0.0;0.0
39174090;SEM GTIN;UNIAO RETA 08MM;4.0000;0.0;0.0
39174090;SEM GTIN;COTOVELO MACHO 1/8X08 BSP;4.0000;0.0;0.0
39174090;SEM GTIN;COTOVELO MACHO 1/2X10 BSP;4.0000;0.0;0.0
84812090;SEM GTIN;REGULADOR DE FLUXO 1/2X08MM BSP;4.0000;0.0;0.0
39174090;SEM GTIN;UNIAO RETA 12MM;4.0000;0.0;0.0
73071100;SEM GTIN;CONEXAO RETA MACHO 04XM5;4.0000;0.0;0.0
84818095;SEM GTIN;VALVULA DE BALANCEAMENTO ESTATICO DN100 - ESF - REF.: YM.02 DN100;4.0000;0.0;0.0
39172300;SEM GTIN;"TUBO PVC-C SCH80 1/2""";4.0000;19.0000;51.6400
39172300;SEM GTIN;"TUBO PVC-C SCH80 3/4""";4.0000;19.0000;51.6400
39172300;SEM GTIN;"TUBO PVC-C SCH80 1""";4.0000;19.0000;51.6400
39172300;SEM GTIN;"TUBO PVC-C SCH80 1 1/4""";4.0000;19.0000;51.6400
39172300;SEM GTIN;"TUBO PVC-C SCH80 1 1/2""";4.0000;19.0000;51.6400
39172300;SEM GTIN;"TUBO PVC-C SCH80 2""";4.0000;19.0000;51.6400
39172300;SEM GTIN;"TUBO PVC-C SCH80 2 1/2""";4.0000;19.0000;51.6400
39172300;SEM GTIN;"TUBO PVC-C SCH80 3""";4.0000;19.0000;51.6400
39172300;SEM GTIN;"TUBO PVC-C SCH80 4""";4.0000;19.0000;51.6400
39174090;SEM GTIN;"JOELHO 90o PVC-C PN16 1/2""SCH80 SOLDA";4.0000;19.0000;64.7400
39174090;SEM GTIN;"JOELHO 90o PVC-C PN16 3/4""SCH80 SOLDA";4.0000;19.0000;64.7400
39174090;SEM GTIN;"JOELHO 90o PVC-C PN16 1""SCH80 SOLDA";4.0000;19.0000;64.7400
39174090;SEM GTIN;"JOELHO 90o PVC-C PN16 1-1/4""SCH80 SOLDA";4.0000;19.0000;64.7400
39174090;SEM GTIN;"JOELHO 90o PVC-C PN16 1 1/2""SCH80 SOLDA";4.0000;19.0000;64.7400
39174090;SEM GTIN;"JOELHO 90o PVC-C PN16 2""SCH80 SOLDA";4.0000;19.0000;64.7400
39174090;SEM GTIN;"JOELHO 90o PVC-C PN16 2 1/2""SCH80 SOLDA";4.0000;19.0000;64.7400
39174090;SEM GTIN;"JOELHO 90o PVC-C PN16 3""SCH80 SOLDA";4.0000;19.0000;64.7400
39174090;SEM GTIN;"JOELHO 90o PVC-C PN16 4""SCH80 SOLDA";4.0000;19.0000;64.7400
39174090;SEM GTIN;"JOELHO 45o PVC-C PN16 1/2""SCH80 SOLDA";4.0000;19.0000;64.7400
39174090;SEM GTIN;"JOELHO 45o PVC-C PN16 3/4""SCH80 SOLDA";4.0000;19.0000;64.7400
39174090;SEM GTIN;"JOELHO 45o PVC-C PN16 1""SCH80 SOLDA";4.0000;19.0000;64.7400
39174090;SEM GTIN;"JOELHO 45o PVC-C PN16 1-1/4""SCH80 SOLDA";4.0000;19.0000;64.7400
39174090;SEM GTIN;"JOELHO 45o PVC-C PN16 1 1/2""SCH80 SOLDA";4.0000;19.0000;64.7400
39174090;SEM GTIN;"JOELHO 45o PVC-C PN16 2""SCH80 SOLDA";4.0000;19.0000;64.7400
39174090;SEM GTIN;"JOELHO 45o PVC-C PN16 2 1/2""SCH80 SOLDA";4.0000;19.0000;64.7400
39174090;SEM GTIN;"JOELHO 45o PVC-C PN16 3""SCH80 SOLDA";4.0000;19.0000;64.7400
39174090;SEM GTIN;"JOELHO 45o PVC-C PN16 4""SCH80 SOLDA";4.0000;19.0000;64.7400
39174090;SEM GTIN;"TE 90o PVC-C PN16 1/2""SCH80 SOLDA";4.0000;19.0000;64.7400
39174090;SEM GTIN;"TE 90o PVC-C PN16 3/4""SCH80 SOLDA";4.0000;19.0000;64.7400
39174090;SEM GTIN;"TE 90o PVC-C PN16 1""SCH80 SOLDA";4.0000;19.0000;64.7400
39174090;SEM GTIN;"TE 90o PVC-C PN16 1-1/4""SCH80 SOLDA";4.0000;19.0000;64.7400
39174090;SEM GTIN;"TE 90o PVC-C PN16 1 1/2""SCH80 SOLDA";4.0000;19.0000;64.7400
39174090;SEM GTIN;"TE 90o PVC-C PN16 2""SCH80 SOLDA";4.0000;19.0000;64.7400
39174090;SEM GTIN;"TE 90o PVC-C PN16 2 1/2""SCH80 SOLDA";4.0000;19.0000;64.7400
39174090;SEM GTIN;"TE 90o PVC-C PN16 3""SCH80 SOLDA";4.0000;19.0000;64.7400
39174090;SEM GTIN;"TE 90o PVC-C PN16 4""SCH80 SOLDA";4.0000;19.0000;64.7400
39174090;SEM GTIN;"LUVA PVC-C PN16 1/2""SCH80 SOLDA";4.0000;19.0000;64.7400
39174090;SEM GTIN;"LUVA PVC-C PN16 3/4""SCH80 SOLDA";4.0000;19.0000;64.7400
39174090;SEM GTIN;"LUVA PVC-C PN16 1""SCH80 SOLDA";4.0000;19.0000;64.7400
39174090;SEM GTIN;"LUVA PVC-C PN16 1-1/4""SCH80 SOLDA";4.0000;19.0000;64.7400
39174090;SEM GTIN;"LUVA PVC-C PN16 1 1/2""SCH80 SOLDA";4.0000;19.0000;64.7400
39174090;SEM GTIN;"LUVA PVC-C PN16 2""SCH80 SOLDA";4.0000;19.0000;64.7400
39174090;SEM GTIN;"LUVA PVC-C PN16 2 1/2""SCH80 SOLDA";4.0000;19.0000;64.7400
39174090;SEM GTIN;"LUVA PVC-C PN16 3""SCH80 SOLDA";4.0000;19.0000;64.7400
39174090;SEM GTIN;"LUVA PVC-C PN16 4""SCH80 SOLDA";4.0000;19.0000;64.7400
39174090;SEM GTIN;"LUVA L/R PVC-C PN16 1/2""SCH80 SOLDA/ROSCA";4.0000;19.0000;64.7400
39174090;SEM GTIN;"LUVA L/R PVC-C PN16 3/4""SCH80 SOLDA/ROSCA";4.0000;19.0000;64.7400
39174090;SEM GTIN;"LUVA L/R PVC-C PN16 1""SCH80 SOLDA/ROSCA";4.0000;19.0000;64.7400
39174090;SEM GTIN;"LUVA L/R PVC-C PN16 1-1/4""SCH80 SOLDA/ROSCA";4.0000;19.0000;64.7400
39174090;SEM GTIN;"LUVA L/R PVC-C PN16 1 1/2""SCH80 SOLDA/ROSCA";4.0000;19.0000;64.7400
39174090;SEM GTIN;"LUVA L/R PVC-C PN16 2""SCH80 SOLDA/ROSCA";4.0000;19.0000;64.7400
39174090;SEM GTIN;"LUVA L/R PVC-C PN16 2 1/2""SCH80 SOLDA/ROSCA";4.0000;19.0000;64.7400
39174090;SEM GTIN;"LUVA L/R PVC-C PN16 3""SCH80 SOLDA/ROSCA";4.0000;19.0000;64.7400
39174090;SEM GTIN;"LUVA L/R PVC-C PN16 4""SCH80 SOLDA/ROSCA";4.0000;19.0000;64.7400
39174090;SEM GTIN;"ADAPTADOR CURTO L/R PVC-C PN16 1/2""SCH80 SOLDA/ROSCA";4.0000;19.0000;64.7400
39174090;SEM GTIN;"ADAPTADOR CURTO L/R PVC-C PN16 3/4""SCH80 SOLDA/ROSCA";4.0000;19.0000;64.7400
39174090;SEM GTIN;"ADAPTADOR CURTO L/R PVC-C PN16 1""SCH80 SOLDA/ROSCA";4.0000;19.0000;64.7400
39174090;SEM GTIN;"ADAPTADOR CURTO L/R PVC-C PN16 1 1/4""SCH80 SOLDA/ROSCA";4.0000;19.0000;64.7400
39174090;SEM GTIN;"ADAPTADOR CURTO L/R PVC-C PN16 1 1/2""SCH80 SOLDA/ROSCA";4.0000;19.0000;64.7400
39174090;SEM GTIN;"ADAPTADOR CURTO L/R PVC-C PN16 2""SCH80 SOLDA/ROSCA";4.0000;19.0000;64.7400
39174090;SEM GTIN;"ADAPTADOR CURTO L/R PVC-C PN16 2 -1/2""SCH80 SOLDA/ROSCA";4.0000;19.0000;64.7400
39174090;SEM GTIN;"ADAPTADOR CURTO L/R PVC-C PN16 3""SCH80 SOLDA/ROSCA";4.0000;19.0000;64.7400
39174090;SEM GTIN;"ADAPTADOR CURTO L/R PVC-C PN16 4""SCH80 SOLDA/ROSCA";4.0000;19.0000;64.7400
39174090;SEM GTIN;"TAMPAO PVC-C 1/2""SCH80 SOLDA";4.0000;19.0000;64.7400
39174090;SEM GTIN;"TAMPAO PVC-C 3/4""SCH80 SOLDA";4.0000;19.0000;64.7400
39174090;SEM GTIN;"TAMPAO PVC-C 1""SCH80 SOLDA";4.0000;19.0000;64.7400
39174090;SEM GTIN;"TAMPAO PVC-C 1 1/4""SCH80 SOLDA";4.0000;19.0000;64.7400
39174090;SEM GTIN;"TAMPAO PVC-C 1-1/2""SCH80 SOLDA";4.0000;19.0000;64.7400
39174090;SEM GTIN;"TAMPAO PVC-C 2""SCH80 SOLDA";4.0000;19.0000;64.7400
39174090;SEM GTIN;"TAMPAO PVC-C 2 1/2""SCH80 SOLDA";4.0000;19.0000;64.7400
39174090;SEM GTIN;"TAMPAO PVC-C 3""SCH80 SOLDA";4.0000;19.0000;64.7400
39174090;SEM GTIN;"TAMPAO PVC-C 4""SCH80 SOLDA";4.0000;19.0000;64.7400
39174090;SEM GTIN;"UNIAO PVC-C 1/2""VITON SCH80 SOLDA";4.0000;19.0000;64.7400
39174090;SEM GTIN;"UNIAO PVC-C 3/4""VITON SCH80 SOLDA";4.0000;19.0000;64.7400
39174090;SEM GTIN;"UNIAO PVC-C 1""VITON SCH80 SOLDA";4.0000;19.0000;64.7400
39174090;SEM GTIN;"UNIAO PVC-C 1 1/4""VITON SCH80 SOLDA";4.0000;19.0000;64.7400
39174090;SEM GTIN;"UNIAO PVC-C 1 1/2""VITON SCH80 SOLDA";4.0000;19.0000;64.7400
39174090;SEM GTIN;"UNIAO PVC-C 2""VITON SCH80 SOLDA";4.0000;19.0000;64.7400
39174090;SEM GTIN;"UNIAO PVC-C 2 1/2""VITON SCH80 SOLDA";4.0000;19.0000;64.7400
39174090;SEM GTIN;"UNIAO PVC-C 3""VITON SCH80 SOLDA";4.0000;19.0000;64.7400
39174090;SEM GTIN;"UNIAO PVC-C 4""VITON SCH80 SOLDA";4.0000;19.0000;64.7400
35069900;SEM GTIN;ADESIVO PARA PVC-C 500 ML COM PINCEL;4.0000;0.0;0.0
35069190;SEM GTIN;SOLUCAO LIMPADORA PARA PVC-C 500 ML;4.0000;0.0;0.0
73064000;SEM GTIN;TUBO C/C RED INOX 304L A-312-ID 21,34 MM x 2,11 mm x 6000 mm DEC CID-m/m;4.00;0.0;0.0
73072200;SEM GTIN;"CONECTOR ORING DIAM. 1""BSP INOX 304 -";0.0;18.0000;0.0
35061090;SEM GTIN;ADESIVO ESPECIAL P/CPVC INDUSTRIAL 724 473ML TIGRE;12.00;0.0;0.0
39172300;SEM GTIN;ADAPT CURTO LR CPVC SCH 80 4 TIGRE;12.00;19.00;51.01
39172300;SEM GTIN;LUVA CPVC SCHEDULE 80 4 TIGRE;12.00;19.00;51.01
73072900;SEM GTIN;UV-F ADAPTADOR C/ROSCA MACHO BSPT 304 2 (200);4.00;18.00;62.73
73072900;SEM GTIN;UV-A ADAPTADOR C/ROSCA FEMEA BSP 304 2 (200);4.00;18.00;62.73
73072900;SEM GTIN;UV-C ACOPLADOR C/ESPIGAO 304 2 (200);4.00;18.00;62.73
84812090;7893308004046;"PINO ENG. RAP. AR ROSCA MACHO 1/4""";12.00;0.0;0.0
74122000;7893308004640;"ESPIGAO FIXO BSP 3/8""X 1/2""";12.00;0.0;0.0
74122000;7893308004763;"ESPIGAO FIXO BSP 1/2""X 3/4""";12.00;0.0;0.0
84818019;7893308000116;"TORN. BOIA 3/4""NORMAL BL. LATAO";12.00;0.0;0.0
74122000;7893308004787;"ESPIGAO FIXO BSP 3/4""X 1/2""";12.00;0.0;0.0
74122000;7893308004718;"ESPIGAO FIXO BSP 3/8""X 3/8""";12.00;0.0;0.0
39172100;SEM GTIN;TUBO PEAD PE100 ISO 4427 SDR17 PN10 DE355MM BR 6M EXTREMIDADES LISAS;12.00;19.00;51.01
39172100;SEM GTIN;TUBO PEAD PE100 ISO 4427 SDR17 PN10 DE160MM BR 6M EXTREMIDADES LISAS;12.00;19.00;51.01
39172100;SEM GTIN;TUBO PEAD PE100 ISO 4427 SDR17 PN10 DE110MM BR 6M EXTREMIDADES LISAS;12.00;19.00;51.01
73072900;SEM GTIN;"NIPLE TUBULAR C/C BSP/BW DN1-1/2""X 50MM TP-304/304L ITEM 1";4.0000;19.0000;64.7400
73072300;SEM GTIN;"NIPLE SOLDA TC CURTO OD1-1/2""INOX-304 ITEM 2";4.0000;19.0000;64.7400
73079900;SEM GTIN;"TEE RETO 90GR 3000LBS SW DN 3/4""CARBONO ITEM 1";4.0000;19.0000;64.7400
73079900;SEM GTIN;"LUVA 3000LBS SW DN1-1/2""CARBONO ITEM 2";4.0000;19.0000;64.7400
73079200;SEM GTIN;"COTOVELO 90GR 3000LBS NPT DN1""CARBONO ITEM 3";4.0000;19.0000;64.7400
73079900;SEM GTIN;"NIPLE DUPLO SEXT 3000LBS NPT DN 1/2""CARBONO ITEM 4";4.0000;19.0000;64.7400
73079900;SEM GTIN;"NIPLE DUPLO SEXT 3000LBS NPT DN 3/4""CARBONO ITEM 5";4.0000;19.0000;64.7400
73079900;SEM GTIN;"NIPLE DUPLO SEXT 3000LBS NPT DN 1/2""CARBONO ITEM 1";4.0000;19.0000;64.7400
73079900;SEM GTIN;"NIPLE DUPLO SEXT 3000LBS NPT DN 3/4""CARBONO ITEM 2";4.0000;19.0000;64.7400
73079900;SEM GTIN;"UNIAO 3000LBS SW DN 3/4""CARBONO ITEM 3";4.0000;19.0000;64.7400
73079900;SEM GTIN;"UNIAO 3000LBS NPT DN 1/2""CARBONO ITEM 4";4.0000;19.0000;64.7400
73079300;SEM GTIN;"RED CONC SCH STD DN2""X 3/4""WPB ITEM 5";4.0000;19.0000;64.7400
73079300;SEM GTIN;"TEE RED 90GR SCH STD DN1""X 1/2""WPB ITEM 6";4.0000;19.0000;64.7400
39172100;SEM GTIN;TUBO PEAD PE100 PN10 SDR ISO 17 110 X6,6MM;12.0000;19.0000;51.0100
39172100;SEM GTIN;TUBO PEAD PE100 PN10 SDR ISO 17 160 X9,5MM;12.0000;19.0000;51.0100
39172100;SEM GTIN;TUBO PEAD PE100 PN10 SDR 17 ISO 355 X 21,1MM;12.0000;19.0000;51.0100
39174090;SEM GTIN;LUVA REDUCAO PPP S 025 X 020;12.0000;19.0000;51.0100
39174090;SEM GTIN;LUVA REDUCAO PPP S 032 X 020;12.0000;19.0000;51.0100
39174090;SEM GTIN;LUVA PPP SOLDA 020;12.0000;19.0000;51.0100
39174090;SEM GTIN;JOELHO 90 PPZ SOLDA 020;12.0000;19.0000;51.0100
39172200;SEM GTIN;TUBO PPP-R80 PN10 SDR 11 050 MM(1.1/2)X4,6- 6M;12.0000;19.0000;51.0100
39174090;SEM GTIN;LUVA REDUCAO PPP S 050 X 025;12.0000;19.0000;51.0100
39174090;SEM GTIN;LUVA PPP SOLDA 025;12.0000;19.0000;51.0100
84813000;SEM GTIN;VALVULA DE RETENCAO VERTICAL METAL - METAL USO INDUSTRIAL DN 40;12.0000;19.0000;62.9600
84818093;7894200053422;REGISTRO DE GAVETA USO RESIDENCIAL PREDIAL 1 1/2 DN40BRUTONBR 15705;12.0000;19.0000;50.0000
84818099;7894200200994;VALVULA AGULHA SEDE RENOVAVEL DIAM 1 1/2 CLASSE 150S;12.0000;19.0000;50.0000
84212100;SEM GTIN;FILTRO Y SARCO FIG.16 3/4 NPT TELA 0,8MM S/DRENO.;0.0;0.0;0.0
73064000;SEM GTIN;Tubo Redondo C/C 316L - 73,03 mm x 3,05 mm A-312 (TB 23/02188/1)-(1 pcs);4.00;0.0;0.0
83071090;SEM GTIN;"TIFLEX1 3/4""1500mm PP TMFSI 3/4""NPT TFGSI 3/4""BSP";1200,00%;0.0;0.0
83071090;SEM GTIN;"TIFLEX1 1.1/4""1270mm PP TMFSI 1.1/4""BSP TFGSI 1.1/4""BSP";1200,00%;0.0;0.0
83071090;SEM GTIN;"TIFLEX1 3/4""510mm PP TMFSI 3/4""BSP TFGSI 3/4""BSP";1200,00%;0.0;0.0
73072100;;"FLANGE CEGO RF B16.5 150 LBS INOX 304/L 2.1/2&quot;";4.00;19.00;64.74
39172200;SEM GTIN;TUBO EM PPR3 PN20 32MM X 16 MM X 3M;0.0;0.0;0.0
84818093;SEM GTIN;VALV. GAVETA FORJADA XU 800LBS SW 1/2p;4.0000;0.0;0.0
39174090;SEM GTIN;COTOVELO MACHO 1/8X10 BSP;4.0000;0.0;0.0
73071100;SEM GTIN;CONEXAO RETA MACHO 1/2X12 BSP;4.0000;0.0;0.0
39174090;SEM GTIN;UNIAO PARA REDUCAO 12MMX10MM AFIT;4.0000;0.0;0.0
73072200;SEM GTIN;LUVA C/ROSCA FEMEA INOX 304 BSP 1;4.0000;0.0;0.0
73072200;SEM GTIN;UNIAO ASSENTO INT MXF INOX 304BSP 1;4.0000;0.0;0.0
73072200;SEM GTIN;COTOVELO 90 MXF INOX 304NPT 1/2;4.0000;0.0;0.0
39174090;SEM GTIN;T MACHO CENTRAL 1/8X08MM BSP;4.0000;0.0;0.0
84705010;7898955172605;Point Smart - SMARTPOS - A910;12.0000;0.0;0.0
84705010;7898955172605;A910 - POINT SMART;12.00;0.0;0.0
73072200;SEM GTIN;"CONECTOR ORING DIAM. 1""BSP INOX 304 -";0.0;18.0000;0.0
73089090;SEM GTIN;GRAMPO UV 3 X 1/4;0.0;0.0;0.0
73089090;SEM GTIN;GRAMPO UV 3/4 X 1/4;0.0;0.0;0.0
73089090;SEM GTIN;GRAMPO UV 4 X 1/4;0.0;0.0;0.0
73072300;;"TEE RED. I304 SCH10 3""X 1/2""";0.0;33.39;39.00
73072300;;"RED. CONC. I304 SCH10 1.1/2""X 1/2""";0.0;33.39;39.00
73072300;;"CAP I304 SCH10 1.1/2""";0.0;33.39;39.00
73072300;;"RED. CONC. I304 SCH10 4""X 2.1/2""";0.0;33.39;39.00
73072300;;"RED. CONC. I304 SCH5 3""X 2""";0.0;33.39;39.00
73072300;;"RED. CONC. I304 SCH10 2""X 1.1/4""";0.0;33.39;39.00
73072300;;"RED. CONC. I304 SCH10 2""X 1.1/2""";0.0;33.39;39.00
73072300;;"RED. CONC. I304 SCH10 2.1/2""X 1""";0.0;33.39;39.00
73072300;;"RED. CONC. I304 SCH10 1.1/2""X 1""";0.0;33.39;39.00
73072300;;"RED. CONC. I304 SCH10 1.1/2""X 1/2""";0.0;33.39;39.00
73072300;;"CAP I304 SCH10 1.1/2""";0.0;33.39;39.00
73072300;;"RED. CONC. I304 SCH10 4""X 3""";0.0;33.39;39.00
73072300;;"RED. CONC. I304 SCH10 3""X 1.1/2""";0.0;33.39;39.00
73072300;;"PESTANA CURTA I304 SCH10 4""";0.0;33.39;39.00
84818095;SEM GTIN;"VALVULA DE ESFERA PVC- C PTFE- FPM PN10 D.UNIAO F/F 1/2""SCH80 SOLDA";4.0000;19.0000;57.8900
84818095;SEM GTIN;"VALVULA DE ESFERA PVC- C PTFE- FPM PN10 D.UNIAO F/F 3/4""SCH80 SOLDA";4.0000;19.0000;57.8900
84818095;SEM GTIN;"VALVULA DE ESFERA PVC- C PTFE- FPM PN10 D.UNIAO F/F 1""SCH80 SOLDA";4.0000;19.0000;57.8900
84818095;SEM GTIN;"VALVULA DE ESFERA PVC- C PTFE- FPM PN10 D.UNIAO F/F 1 1/2""SCH80 SOLDA";4.0000;19.0000;57.8900
84818095;SEM GTIN;"VALVULA DE ESFERA PVC- C PTFE- FPM PN10 D.UNIAO F/F 2""SCH80 SOLDA";4.0000;19.0000;57.8900
84818095;SEM GTIN;"VALVULA DE ESFERA PVC- C PTFE- FPM PN10 D.UNIAO F/F 3""SCH80 SOLDA";4.0000;19.0000;57.8900
39172300;SEM GTIN;"TUBO PVC-U SCH80 8""";4.0000;19.0000;51.6400
39174090;SEM GTIN;"FLANGE SOLTO PVC-U 8""SCH80";4.0000;19.0000;64.7400
39174090;SEM GTIN;"LUVA PVC-U PN16 8""SCH80 SOLDA";4.0000;19.0000;64.7400
84818097;SEM GTIN;VALVULA BORBOLETA PVC-U EPDM PN10 D.75-2 1/2;4.0000;19.0000;57.8900
84818095;SEM GTIN;"VALVULA DE ESFERA PVC- C PTFE- FPM PN10 D.UNIAO F/F 1 1/4""SCH80 SOLDA";4.0000;19.0000;57.8900
84818095;SEM GTIN;"VALVULA DE ESFERA PVC- C PTFE- FPM PN10 D.UNIAO F/F 1 1/2""SCH80 SOLDA";4.0000;19.0000;57.8900
84813000;SEM GTIN;"VALVULA DE RETENCAO ESFERA PVC-C FPM PN10 F/F 1/2""SCH80 SOLDA";4.0000;19.0000;77.7800
84813000;SEM GTIN;"VALVULA DE RETENCAO ESFERA PVC-C FPM PN10 F/F 3/4""SCH80 SOLDA";4.0000;19.0000;77.7800
84813000;SEM GTIN;"VALVULA DE RETENCAO ESFERA PVC-C FPM PN10 F/F 1""SCH80 SOLDA";4.0000;19.0000;77.7800
84813000;SEM GTIN;"VALVULA DE RETENCAO ESFERA PVC-C FPM PN10 F/F 1 1/4""SCH80 SOLDA";4.0000;19.0000;77.7800
84813000;SEM GTIN;"VALVULA DE RETENCAO ESFERA PVC-C FPM PN10 F/F 1 1/2""SCH80 SOLDA";4.0000;19.0000;77.7800
84813000;SEM GTIN;"VALVULA DE RETENCAO ESFERA PVC-C FPM PN10 F/F 2""SCH80 SOLDA";4.0000;19.0000;77.7800
84818097;SEM GTIN;VALVULA BORBOLETA PVC-U EPDM PN10 D.75-2 1/2;4.0000;19.0000;57.8900
84818097;SEM GTIN;VALVULA BORBOLETA PVC-U EPDM PN10 D.110-4;4.0000;19.0000;57.8900
84813000;SEM GTIN;"VALVULA DE RETENCAO ESFERA PVC-C FPM PN10 F/F 1 1/2""SCH80 SOLDA";4.0000;19.0000;77.7800
39174090;SEM GTIN;"BUCHA DE REDUCAO PVC-C PN16 3/4""x 1/2""SCH80 SOLDA";4.0000;19.0000;64.7400
39174090;SEM GTIN;"BUCHA DE REDUCAO PVC-C PN16 1""x 3/4""SCH80 SOLDA";4.0000;19.0000;64.7400
39174090;SEM GTIN;"BUCHA DE REDUCAO PVC-C PN16 1 1/2""x 1""SCH80 SOLDA";4.0000;19.0000;64.7400
39174090;SEM GTIN;"BUCHA DE REDUCAO PVC-C PN16 1 1/4""1""SCH80 SOLDA";4.0000;19.0000;64.7400
39174090;SEM GTIN;"BUCHA DE REDUCAO PVC-C PN16 2""x 1""SCH80 SOLDA";4.0000;19.0000;64.7400
39174090;SEM GTIN;"BUCHA DE REDUCAO PVC-C PN16 2""1 1/4""SCH80 SOLDA";4.0000;19.0000;64.7400
39174090;SEM GTIN;"BUCHA DE REDUCAO PVC-C PN16 2""1/2""SCH80 SOLDA";4.0000;19.0000;64.7400
39174090;SEM GTIN;"BUCHA DE REDUCAO PVC-C PN16 2""3/4""SCH80 SOLDA";4.0000;19.0000;64.7400
39174090;SEM GTIN;"BUCHA DE REDUCAO PVC-C PN16 2 1/2""x 1 1/2""SCH80 SOLDA";4.0000;19.0000;64.7400
39174090;SEM GTIN;"BUCHA DE REDUCAO PVC-C PN16 2""x 1 1/2""SCH80 SOLDA";4.0000;19.0000;64.7400
39174090;SEM GTIN;"BUCHA DE REDUCAO PVC-C PN16 3""x 2""SCH80 SOLDA";4.0000;19.0000;64.7400
39174090;SEM GTIN;"BUCHA DE REDUCAO PVC-C PN16 3""1 1/2""SCH80 SOLDA";4.0000;19.0000;64.7400
39174090;SEM GTIN;"BUCHA DE REDUCAO PVC-C PN16 3""x 2 1/2""SCH80 SOLDA";4.0000;19.0000;64.7400
39174090;SEM GTIN;"BUCHA DE REDUCAO PVC-C PN16 4""x 2""SCH80 SOLDA";4.0000;19.0000;64.7400
39174090;SEM GTIN;"BUCHA DE REDUCAO PVC-C PN16 4""2 1/2""SCH80 SOLDA";4.0000;19.0000;64.7400
39174090;SEM GTIN;"BUCHA DE REDUCAO PVC-C PN16 4""x 3""SCH80 SOLDA";4.0000;19.0000;64.7400
39174090;SEM GTIN;"JOELHO 90o PVC-C PN16 1/2""SCH80 SOLDA";4.0000;19.0000;64.7400
39174090;SEM GTIN;"JOELHO 90o PVC-C PN16 3/4""SCH80 SOLDA";4.0000;19.0000;64.7400
39174090;SEM GTIN;"JOELHO 90o PVC-C PN16 1 1/2""SCH80 SOLDA";4.0000;19.0000;64.7400
39174090;SEM GTIN;"UNIAO PVC-C 4""VITON SCH80 SOLDA";4.0000;19.0000;64.7400
84813000;SEM GTIN;"VALVULA DE RETENCAO ESFERA PVC-C FPM PN10 F/F 1 1/2""SCH80 SOLDA";4.0000;19.0000;77.7800
84813000;SEM GTIN;"VALVULA DE RETENCAO ESFERA PVC-C FPM PN10 F/F 1""SCH80 SOLDA";4.0000;19.0000;77.7800
85072010;7896192244550;Bat. Para Moderninha Pro 2 C/6 Fios Sem Erro De Codigo Test;0.0;0.0;0.0
73072100;SEM GTIN;FLANGE CEGA B16.5 150# 304/L 323,85MM (12'');4.00;19.00;64.74
85045000;SEM GTIN;MH19C BOBINA - 125VCC;12.00;0.0;0.0
84818092;SEM GTIN;Z1335 BA04AT VALVULA SOLENOIDE - 24VCC;4.00;0.0;0.0
84818092;SEM GTIN;Z1335 BA06AT VALVULA SOLENOIDE - 24VCC;4.00;0.0;0.0
73072300;SEM GTIN;"RED CONC SCH 10S DN4""X2""WPW-304/304L ITEM 1";4.0000;19.0000;64.7400
73072900;SEM GTIN;"MEIA LUVA 3000LBS NPT DN 1/2""F-304/304L ITEM 2";4.0000;19.0000;64.7400
73072900;SEM GTIN;"TEE RETO 150LBS NPT DN1/2""CF8M ITEM 1";4.0000;19.0000;64.7400
73072200;SEM GTIN;"LUVA 150LBS BSP DN 1""TP-304 ITEM 2";4.0000;19.0000;64.7400
73079900;SEM GTIN;"COTOVELO 90GR 3000LBS SW DN3""CARBONO ITEM 3";4.0000;19.0000;64.7400
39172200;SEM GTIN;TUBO PPP-R80 PN10 SDR 11 075 MM(2.1/2)X6,8- 6M;12.0000;19.0000;51.0100
39172200;SEM GTIN;TUBO PPP-R80 PN10 SDR 11 110 MM( 4)X10 - 6M;12.0000;19.0000;51.0100
40169300;SEM GTIN;JUNTA INJETADA DE BORRACHA 075;12.0000;0.0;0.0
40169300;SEM GTIN;JUNTA INJETADA DE BORRACHA 110 / 125 MM;12.0000;0.0;0.0
39174090;SEM GTIN;LUVA PPP SOLDA 025;12.0000;19.0000;51.0100
39174090;SEM GTIN;LUVA PPP SOLDA 020;12.0000;19.0000;51.0100
39174090;SEM GTIN;CURVA 90 PPP SOLDA 025;12.0000;19.0000;51.0100
83071090;SEM GTIN;"TIFLEX1 3/4""500mm PP TMFSI 3/4""BSP TFGSI 3/4""BSP JIC 37";1200,00%;0.0;0.0
83071090;SEM GTIN;"TIFLEX2 1.1/2""350mm PP FLSI DN 1.1/2""150 LBS FLSI DN 1.1/2""150 LBS";1200,00%;0.0;0.0
83071090;SEM GTIN;"TIFLEX2 3""350mm PP FLSI DN 3""150 LBS FLSI DN 3""150 LBS";1200,00%;0.0;0.0
84433111;SEM GTIN;Impressora A Cor Multifuncional Epson Ecotank L3150 Com Wifi Preta 110v/220v;12.0000;0.0;0.0
85044010;7909468260168;Fonte Dell Inspiron 15 5000 Series 5565 5567 5568 19,5v 3.34 - Voltagem de entrada 19,5v;4.0000;0.0;0.0
84813000;SEM GTIN;RET. DUP. PORTIN. WAF. FOFO DISCO 316 PN10/16 E ANSI 3p;4.0000;0.0;0.0
84813000;SEM GTIN;RET. DUP. PORTIN. WAF. FOFO DISCO 316 PN10/16 E ANSI 5p;4.0000;0.0;0.0
84818093;SEM GTIN;"VALV. GAVETA 150 LBS. 2""";0.0;19.0000;50.0000
84818093;SEM GTIN;"VALV. GAVETA 3""";0.0;19.0000;50.0000
39174090;SEM GTIN;UNIAO RETA 12MM;4.0000;0.0;0.0
73071100;SEM GTIN;CONEXAO RETA MACHO 1/2X08 BSP;4.0000;0.0;0.0
73071100;SEM GTIN;CONEXAO RETA FEMEA 1/4X04 BSP;4.0000;0.0;0.0
73071100;SEM GTIN;CONEXAO RETA MACHO 3/8X12 BSP;4.0000;0.0;0.0
73071100;SEM GTIN;CONEXAO RETA MACHO 1/2X10 BSP;4.0000;0.0;0.0
73071100;SEM GTIN;CONEXAO RETA MACHO 1/2X12 BSP;4.0000;0.0;0.0
73071100;SEM GTIN;CONEXAO RETA MACHO 1/4X04 BSP;4.0000;0.0;0.0
73071100;SEM GTIN;CONEXAO RETA MACHO 3/8X10 BSP;4.0000;0.0;0.0
73071100;SEM GTIN;CONEXAO RETA MACHO 1/4X12 BSP;4.0000;0.0;0.0
73071100;SEM GTIN;CONEXAO RETA MACHO 1/8X04 BSP;4.0000;0.0;0.0
39174090;SEM GTIN;COTOVELO MACHO 1/8X08 BSP;4.0000;0.0;0.0
73071100;SEM GTIN;CONEXAO RETA MACHO 1/8X10 BSP;4.0000;0.0;0.0
39174090;SEM GTIN;COTOVELO MACHO 1/4X06 BSP;4.0000;0.0;0.0
39174090;SEM GTIN;COTOVELO MACHO 1/4X08 BSP;4.0000;0.0;0.0
84812090;SEM GTIN;REGULADOR DE FLUXO 1/8X06MM BSP;4.0000;0.0;0.0
73071100;SEM GTIN;CONEXAO RETA MACHO 1/8X08 BSP;4.0000;0.0;0.0
73071100;SEM GTIN;CONEXAO RETA MACHO 1/2X08 BSP;4.0000;0.0;0.0
73071100;SEM GTIN;CONEXAO RETA MACHO 3/8X10 BSP;4.0000;0.0;0.0
73072200;SEM GTIN;NIPPLE DUPLO SEXT INOX 316 NPT 2;4.0000;0.0;0.0
73072200;SEM GTIN;BUCHA REDUCAO INOX 316NPT 2 X 1/2;4.0000;0.0;0.0
73072200;SEM GTIN;BUJAO SEXTAVADO INOX 316 NPT 2;4.0000;0.0;0.0
73072200;SEM GTIN;NIPPLE REDUCAO INOX316NPT 3/4 X 1/2;4.0000;0.0;0.0
73089010;SEM GTIN;ABRACADEIRA GOTA 4;0.0;0.0;0.0
73089010;SEM GTIN;ABRACADEIRA UNIAO HORIZONTAL 4;0.0;0.0;0.0
73089010;SEM GTIN;ABRACADEIRA UNIAO HORIZONTAL 6;0.0;0.0;0.0
73089090;SEM GTIN;BARRA ROSCADA 3/8 X 3000;0.0;0.0;0.0
73089090;SEM GTIN;PORCA SEXTAVADA 3/8;0.0;0.0;0.0
73089010;SEM GTIN;ARRUELA LISA 3/8;0.0;0.0;0.0
73089010;SEM GTIN;ARRUELA LISA M5 INOX 304;0.0;0.0;0.0
73072300;;"CURVA 90� RL I316L SCH10 1""";0.0;33.39;39.00
73072300;;"RED. CONC. I316L SCH10 2""X 1""";0.0;33.39;39.00
73072300;;"PESTANA CURTA I316L SCH10 2""";0.0;33.39;39.00
73072300;;"CURVA 90� RL I304 SCH10 3""";0.0;33.39;39.00
73072300;;"CURVA 90� RL I304 SCH10 4""";0.0;33.39;39.00
96110000;7896825438233;ETIQUETADORA DE PRECO EM PLASTICO, DE USO MANUAL.;0.0;0.0;0.0
84818095;SEM GTIN;"VALVULA DE ESFERA PVC- C PTFE- FPM PN10 D.UNIAO F/F 2""SCH80 SOLDA";4.0000;19.0000;57.8900
39174090;SEM GTIN;"BUCHA DE REDUCAO PVC-C PN16 2""x 1 1/2""SCH80 SOLDA";4.0000;19.0000;64.7400
39174090;SEM GTIN;"JOELHO 90o PVC-C PN16 2""SCH80 SOLDA";4.0000;19.0000;64.7400
39174090;SEM GTIN;"TAMPAO PVC-C 3/4""SCH80 SOLDA";4.0000;19.0000;64.7400
39174090;SEM GTIN;"TAMPAO PVC-C 1/2""SCH80 SOLDA";4.0000;19.0000;64.7400
39174090;SEM GTIN;"ADAPTADOR CURTO L/R PVC-C PN16 2""SCH80 SOLDA/ROSCA";4.0000;19.0000;64.7400
84818095;SEM GTIN;"VALVULA DE ESFERA PVC-U PE-EPDM PN16 D.UNIAO F/F 1""SCH80 SOLDA";4.0000;19.0000;57.8900
39174090;SEM GTIN;"LUVA L/R PVC-C PN16 1 1/2""SCH80 SOLDA/ROSCA";4.0000;19.0000;64.7400
73044190;SEM GTIN;TUBO S/C RED INOX 316L A-312-ID 60,33 MM x 5,54 mm x 6000 mm DEC-m/m;4.00;0.0;0.0
73064000;SEM GTIN;TUBO C/C RED INOX 304L A-312-I 114,3 mm 114,3 MM x 3,05 mm x 6000 mm DEC CII-m/m;4.00;0.0;0.0
73064000;SEM GTIN;TUBO C/C RED INOX 304L A-312-I 88,9 mm 88,9 MM x 3,05 mm x 6000 mm DEC CII-m/m;4.00;0.0;0.0
85075020;7897013534195;40 Pilha Alcalina Aa Lr6 1,5v Blister 82153 Elgin Energy;4.0000;0.0;0.0
85061019;7897013534218;PILHA ALCALINA AAA BLISTER COM 4 PECAS;0.0;0.0;0.0
73072900;SEM GTIN;ACI-3 CRUZETA 304 2 NPT;4.00;19.00;64.74
73072900;SEM GTIN;UV-C ACOPLADOR C/ESPIGAO 304 2 (200);4.00;19.00;64.74
74122000;7893308004794;"ESPIGAO FIXO BSP 1""X 3/4""";12.00;0.0;0.0
74122000;7893308004749;"ESPIGAO FIXO BSP 1/2""X 3/8""";12.00;0.0;0.0
74122000;7893308006620;"ESPIGAO FIXO BSP 3/4""X 1""";12.00;0.0;0.0
74122000;7893308004800;"ESPIGAO FIXO 3/4""X3/4""BSP";12.00;0.0;0.0
74122000;7893308004640;"ESPIGAO FIXO BSP 3/8""X 1/2""";12.00;0.0;0.0
59119000;SEM GTIN;"JTA PAP HIDR FIBRA ARAMIDA/NBR VERDE C4201 FE710RF DN 6""150# ESP.3,2 MM ASME B16.21 C0D.CLI.: 21288 ITEM: 1";12.00;0.0;0.0
59119000;SEM GTIN;"JTA PAP HIDR FIBRA ARAMIDA/NBR VERDE C4201 FE710RF DN 4""150# ESP.3,2 MM ASME B16.21 C0D.CLI.: 21289 ITEM: 2";12.00;0.0;0.0
59119000;SEM GTIN;"JTA PAP HIDR FIBRA ARAMIDA/NBR VERDE C4201 FE710RF DN 1.1/2""150# ESP.1,6 MM ASME B16.21 C0D.CLI.: 22874 ITEM: 3";12.00;0.0;0.0
59119000;SEM GTIN;"JTA PAP HIDR FIBRA ARAMIDA/NBR VERDE C4201 FE710RF DN 1/2""150# ESP.1,6 MM ASME B16.21 C0D.CLI.: 22874 ITEM: 4";12.00;0.0;0.0
59119000;SEM GTIN;"JTA PAP HIDR FIBRA ARAMIDA/NBR VERDE C4201 FE710RF DN 3/4""150# ESP.1,6 MM ASME B16.21 C0D.CLI.: 22876 ITEM: 5";12.00;0.0;0.0
59119000;SEM GTIN;"JTA PAP HIDR FIBRA ARAMIDA/NBR VERDE C4201 FE710RF DN 1.1/2""150# ESP.3,2 MM ASME B16.21 C0D.LI.: 22878 ITEM: 6";12.00;0.0;0.0
59119000;SEM GTIN;"JTA PAP HIDR FIBRA ARAMIDA/NBR VERDE C4201 FE710RF DN 8""150# ESP.3,2 MM ASME B16.21 C0D.CLI.: 22883 ITEM: 7";12.00;0.0;0.0
59119000;SEM GTIN;"JTA PAP HIDR FIBRA ARAMIDA/NBR VERDE C4201 FE710RF DN 4""150# ESP.1,6 MM ASME B16.21 C0D.CLI.: 24087 ITEM: 8";12.00;0.0;0.0
59119000;SEM GTIN;"JTA PAP HIDR FIBRA ARAMIDA/NBR VERDE C4201 FE710RF DN 8""150# ESP.1,6 MM ASME B16.21 C0D.CLI.: 24090 ITEM: 9";12.00;0.0;0.0
73072300;SEM GTIN;TEE 90� B16.9 SCH 80 316/L 60,33mm (2'');4.00;19.00;64.74
73072300;SEM GTIN;CURVA RAIO LONGO 90� B16.9 SCH 80 316/L 60,33MM (2'');4.00;19.00;64.74
73072300;SEM GTIN;"CURVA90GR RC OD3""X 2,00 PI/PE WPW-304";4.0000;19.0000;64.7400
73072900;SEM GTIN;"MEIA LUVA 150LBS NPT DN 2""TP-316/316L ITEM 1";4.0000;19.0000;64.7400
73072900;SEM GTIN;"BUJAO CAB SEXT 6000LBS NPT DN 1/2""F-304/304L ITEM 2";4.0000;19.0000;64.7400
73072200;SEM GTIN;"LUVA 150LBS NPT DN3/4""TP-316/316L ITEM 2";4.0000;19.0000;64.7400
73072900;SEM GTIN;"NIPLE DUPLO SEXT 3000LBS NPT DN 1/2""F-316/316L ITEM 3";4.0000;19.0000;64.7400
73072200;SEM GTIN;"LUVA 150LBS BSP DN 1""TP-304 ITEM 1";4.0000;19.0000;64.7400
73079900;SEM GTIN;"NIPLE DUPLO SEXT 3000LBS NPT DN 1/2""CARBONO ITEM 1";4.0000;19.0000;64.7400
73079900;SEM GTIN;"BUJAO CAB SEXT 6000LBS NPT DN 1/2""CARBONO ITEM 2";4.0000;19.0000;64.7400
39174090;SEM GTIN;TE 90 PPP SOLDA 032;12.0000;19.0000;51.0100
39174090;SEM GTIN;JOELHO 90 PPP SOLDA 032;12.0000;19.0000;51.0100
39174090;SEM GTIN;LUVA REDUCAO PPP S 032 X 025;12.0000;19.0000;51.0100
39174090;SEM GTIN;JOELHO 90 PPP SOLDA 025;12.0000;19.0000;51.0100
39172200;SEM GTIN;TUBO PPP-R80 PN10 SDR11 025MM X3,0-6M;12.0000;19.0000;51.0100
39172200;SEM GTIN;TUBO PPP-R80 PN10 SDR11 032MM X3,2-6M;12.0000;19.0000;51.0100
84818093;7894200065487;BASE REGISTRO DE GAVETA 3/4 DN20BRUTO;12.0000;19.0000;50.0000
84818093;7894200150268;REGISTRO DE GAVETA USO RESIDENCIAL /;12.0000;19.0000;50.0000
84818093;7894200150275;REGISTRO DE GAVETA USO RESIDENCIAL /;12.0000;19.0000;50.0000
73071990;SEM GTIN;"TUPY-FG TEE 45 150# BSP 1/2""";0.0;0.0;0.0
73071990;SEM GTIN;"TUPY-FG UNIAO ASS FERRO M/F 150# BSP 1.1/2""";0.0;0.0;0.0
73071990;SEM GTIN;"TUPY-FG UNIAO ASS FERRO M/F 150# BSP 1.1/2""";0.0;0.0;0.0
73071100;7891701100228;COTOVELO FG 90X1;0.0;0.0;0.0
73071100;7898597852446;NIPLE FG 1 DUPLO;0.0;0.0;0.0
73066100;SEM GTIN;TUBO RET.INOX 304 POLIDO 50X100X1,50MM 01BR O.C 4367;19.00;0.0;0.0
73064000;SEM GTIN;TUBO RED.INOX 304 48,26X2,77X1000MM SCH10 1.1/2 02PC O.C 4367;19.00;0.0;0.0
39172300;7899015186471;TIGRE ESGOTO SERIE R TUBO PVC 150MM X 6MT TIGRE Ref.:11051600;0.0;0.0;0.0
39174090;7897613329023;TIGRE ESGOTO SERIE R JOELHO 45 150MM TIGRE Ref.:26751527;0.0;0.0;0.0
39174090;7897613329177;TIGRE ESGOTO SERIE R LUVA SIMPLES 150MM TIGRE Ref.:26752124;0.0;0.0;0.0
63053900;SEM GTIN;Saco Rafia 60 x 100 c/ 5 und;0.0;0.0;0.0
39174090;SEM GTIN;JOELHO 45GR. EF PE100 SDR11 PN16 DE180;0.0;0.0;0.0
39174090;SEM GTIN;LUVA ELETROF. LIGHTFIT PE100 SDR17 PN10/16 DE63;0.0;0.0;0.0
39174090;SEM GTIN;LUVA PEAD ELETROFUSAO 140MM;0.0;0.0;0.0
39174090;SEM GTIN;COLARINHO PEAD 110MM PE100 SDR11 PN16;0.0;0.0;0.0
73071100;SEM GTIN;FLANGE ACO CARBONO P/COLARINHO DN 100;0.0;0.0;0.0
73063000;SEM GTIN;TUBO ACO CARBONO PRETO C/C NBR 5590 SCH40 2.1/2 POL;0.0;0.0;0.0
73063000;SEM GTIN;TUBO ACO CARBONO PRETO C/C NBR5590 SCH401 POL;0.0;0.0;0.0
73079100;SEM GTIN;FLANGE ACO;0.0;0.0;0.0
73030000;SEM GTIN;TUBO ROSCA 1 1/2 X 85MM;0.0;0.0;0.0
73030000;SEM GTIN;TUBO ROSCA 2 1/2 X 85MM;0.0;0.0;0.0
73030000;SEM GTIN;TUBO ROSCA 1 1/2 X 85MM;0.0;0.0;0.0
73030000;SEM GTIN;TUBO ROSCA 2 1/2 X 85MM;0.0;0.0;0.0
73079100;SEM GTIN;FLANGE ACO;0.0;0.0;0.0
73079100;SEM GTIN;FLANGE ACO;0.0;0.0;0.0
73063000;SEM GTIN;"TUBO NBR 5590 C/C SCH 40 2&quot; (60,30 X 3,91) (07 BR)";19.00;0.0;0.0
73063000;SEM GTIN;"TUBO NBR 5580 ZC 1&quot; (33,70 X 3,35) (15 BR)";19.00;0.0;0.0
73063000;SEM GTIN;"TUBO NBR 5590 C/C SCH 40 3&quot; (88,90 X 5,49) (02 BR)";19.00;0.0;0.0
39173900;SEM GTIN;MANG SUCCAO E DESC AZUL 1.1/2;19.00;0.0;0.0
39173900;SEM GTIN;MANG SUCCAO E DESC AZUL 1.1/2;19.00;0.0;0.0
39173900;SEM GTIN;MANG AR/AGUA 300PSI 1;19.00;0.0;0.0
73071990;SEM GTIN;COTOVELO M/F 90 FG 150LBS 2 BSP;0.0;0.0;0.0
73071990;SEM GTIN;COTOVELO 90 F/F FG 150LBS 1.1/2 BSP;0.0;0.0;0.0
73079100;SEM GTIN;FLANGE CEGA RF A105 ANSI B16.5 150LBS 6 POL;0.0;0.0;0.0
73079100;SEM GTIN;FLANGE CEGA RF A105 ANSI B16.5 150LBS 6 POL;0.0;0.0;0.0
73072300;SEM GTIN;NIPLE DE SOLDA TC 1_2 POL - INOX 304;0.0;0.0;0.0
73072300;SEM GTIN;NIPLE DE SOLDA TC 1_2 POL - INOX 304;0.0;0.0;0.0
87089990;SEM GTIN;PIVO;0.0;0.0;0.0
69109000;3000001940340;BACIA C/ CX ACOPL. LUNA 3/6L ACESSO SPECIALE S/ ABERT. BRANCA ICASA Ref.:CIP9100;0.0;0.0;0.0
69109000;3000000168158;LAVATORIO C/ COLUNA SUSP. ETNA ACESSO 52X41CM BRANCO ICASA Ref.:SIL200;0.0;0.0;0.0
84148011;SEM GTIN;PECAS INTERNAS PARA COMPRESSOR / PISTAO /EIXO /TAMPAOU DEMAIS COMPOMENTES;0.0;0.0;0.0
96170010;7891023529981;9751 GARRAFA TERM. LUMINA 1L INOX - Numero da FCI: C4B15841-ED08-4C2B-A886-5A1D805A2618;19.00;0.0;0.0
73043910;SEM GTIN;(1 BR) TB S/C A106 SCH40 6 (168,28 X 7,11MM);19.00;0.0;0.0
73043910;SEM GTIN;(1 BR) TB S/C A106 SCH40 2.1/2 (73,03 X 5,16MM);19.00;0.0;0.0
73043910;SEM GTIN;(1 BR) TB S/C A106 SCH40 3 (88,90 X 5,49MM);19.00;0.0;0.0
73043910;SEM GTIN;(1 BR) TB S/C A106 SCH40 1.1/2 (48,30 X 3,68MM);19.00;0.0;0.0
84812019;SEM GTIN;"BEL AIR - VALVULA SOLENOIDE MEMBRANA N/F 2/2 VIAS 1/2""BSP 220V";0.0;0.0;0.0
39173900;SEM GTIN;DUTO FLEX�VEL DN 75 RF. 3 PEAD PRETO COM GUIA - C/50M;0.0;0.0;0.0
39173900;SEM GTIN;DUTO FLEX�VEL. DN 100 RF. 4 PEAD PRETO COM GUIA - C/50M;0.0;0.0;0.0
39173900;SEM GTIN;DUTO C. FLEX. DN 32 RF 1 REFOR PEAD PRETO C/50M;0.0;0.0;0.0
39174090;SEM GTIN;JOELHO ESGOTO BRANCO 400 x 45;0.0;19.0000;39.0000
39174090;SEM GTIN;LUVA ESGOTO BRANCO 400;0.0;19.0000;39.0000
73071910;SEM GTIN;M COTOVELO NBR6943 FG BSP FF 1X90;0.0;0.0;0.0
73071920;SEM GTIN;W SILENTIUM ABRACADEIRA DE 150MM AMANCO 92768;0.0;0.0;0.0
90261029;SEM GTIN;MG CHAVE BOIA INF/SUP 15A CB-2001 1,5mts PA002414;0.0;0.0;0.0
74153300;SEM GTIN;"PARAF C/BUCHA 10""DACUNHA LX 7/32x80mm";0.0;0.0;0.0
73063000;SEM GTIN;"FZ ELETROD.FERRO G.FOGO 1""x 3mts MEDIO 0,90mm";0.0;0.0;0.0
73063000;SEM GTIN;"FZ ELETROD.FERRO G.FOGO 3/4""x 3mts MEDIO 0,90mm";0.0;0.0;0.0
84819090;SEM GTIN;RAINHA ACAB C30 STANDER MED P/1416/1509 1/2a3/4 106716;0.0;0.0;0.0
84818019;SEM GTIN;"TORN BOIA C/BALAO PLAST V.TOT 1""B.AZUL 12362P GARDEN";0.0;0.0;0.0
84818019;SEM GTIN;"TORN BOIA C/BALAO METAL 1""GARDEN 11352LE";0.0;0.0;0.0
84818095;SEM GTIN;WR REG ESFERA ROSCA PVC 1/2'' AMANCO 11789;0.0;0.0;0.0
27101932;SEM GTIN;OLEO DE MOTOR BRUTUS CI4;0.0;0.0;0.0
82079000;7899956652059;"ADAPTADOR ANGULAR 1/4""FURADEIRA 105O - WORKER";19.00;0.0;0.0
63079090;7899384987853;"CATRACA MOVEL 4PCS 25MM 4;6M 800KG - WORKER";19.00;0.0;0.0
82041200;7899009014544;"CHAVE CANO 12""CB EMBORRACHADO - WORKER";19.00;0.0;0.0
82041200;7899009014568;"CHAVE CANO 18""CB EMBORRACHADO - WORKER";19.00;0.0;0.0
82041200;7899009014575;"CHAVE CANO 24""CB EMBORRACHADO - WORKER";19.00;0.0;0.0
82055900;7899009050993;CURVADOR TUBO 3X1 - WORKER;19.00;0.0;0.0
63079090;7899384975799;"KIT CINTA CATRACA 25MM 4;6M 800KG - WORKER";19.00;0.0;0.0
90178010;7899811602472;TRENA EMBORRACHADA DISPLAY 5MX19MM 12PC - WORKER;19.00;0.0;0.0
39173900;7898590294335;MANGUEIRA SUCCAO/DESC.2.1/2 AZUL/CRISTAL;19.00;0.0;0.0
39172300;7898600573979;TUBO PVC COL ESG JEI/JERI DN 350X6;19.00;19.00;39.00
84818095;SEM GTIN;GN - VEM PP TP CW617N CROM F-F BSP PN25 1/2 BSP;0.0;0.0;0.0
84818095;SEM GTIN;GN - VEM PP TP CW617N CROM F-F BSP PN25 3/4 BSP;0.0;0.0;0.0
84818093;7894200053408;REGISTRO GAVETA BRUTO 1.1/4 DECA 1510;0.0;0.0;0.0
84818019;7894200026082;BASE VALVULA DE DESCARGA 1.1/2 DECA HYDRA MAX;0.0;0.0;0.0
39174090;7897795081115;TERMINAL VENTILACAO ESGOTO50 AMANCO;0.0;0.0;0.0
84818093;7894200053408;REGISTRO GAVETA BRUTO 1.1/4 DECA 1510;0.0;0.0;0.0
84818019;7894200026082;BASE VALVULA DE DESCARGA 1.1/2 DECA HYDRA MAX;0.0;0.0;0.0
87089990;90682636;CILINDRO FECHADURA VW;0.0;0.0;0.0
87089990;78956018;CHAVEIRO EMBORRACHADO;0.0;0.0;0.0
73064000;SEM GTIN;TUBO RED.INOX 304 POLIDO 25,40X1,50MM 01BR O.C 4553;19.00;0.0;0.0
73064000;SEM GTIN;TUBO RED.INOX 304 POLIDO 19,05X1,50MM 07BR O.C 4553;19.00;0.0;0.0
73064000;SEM GTIN;TUBO RED.INOX 304 POLIDO 38,10X1,50MM 06BR O.C 4554;19.00;0.0;0.0
73064000;SEM GTIN;TUBO RED.INOX 304 POLIDO 25,40X1,50MM 10BR O.C 4554;19.00;0.0;0.0
72221910;SEM GTIN;"Barra Retangular 304 Laminada 1/8""X 1.1/2""(3,18 mm x 38.1 mm) (BN 22/01164/1)-(2 pcs)";19.00;0.0;0.0
73064000;SEM GTIN;Tubo Redondo C/C 304 - 21,34 mm x 1,65 mm A-312 (TB 23/02667/1)-(1 pcs);19.00;0.0;0.0
73072200;SEM GTIN;LUVA 304 F/F 150LBS 1.1/2 BSP;0.0;0.0;0.0
73072200;SEM GTIN;LUVA I304 F/F 150LBS 3/4 BSP;0.0;0.0;0.0
73079200;SEM GTIN;TAMPAO SEXT. MACHO I304 150LBS 3/4 BSP;0.0;0.0;0.0
73079200;SEM GTIN;TAMPAO SEXT. MACHO I304 150LBS 1.1/2 BSP;0.0;0.0;0.0
73063000;SEM GTIN;"TUBO NBR 5580 ZC 2&quot; (60,30 X 3,75) (04 BR)";19.00;0.0;0.0
74122000;SEM GTIN;3007 COTOVELO MACHO LATAO 3/8 X 1/4;19.00;0.0;0.0
84811000;7890563664657;REGULADOR NITROGENIO RI-40P . UN;0.0;0.0;0.0
84811000;9000046700002;REGULADOR ARGONIO RI-30P . UN;0.0;0.0;0.0
84811000;9000050700005;REGULADOR OXIGENIO RI-16P . UN;0.0;0.0;0.0
84811000;7890563664626;REGULADOR ACETILENO RI-03P . UN;0.0;0.0;0.0
62014000;SEM GTIN;JAQUETA FEM PREMIUM NYLON RESINADO - TOPFLOW / PRETO / PP;0.0;0.0;0.0
62014000;SEM GTIN;JAQUETA FEM PREMIUM NYLON RESINADO - TOPFLOW / PRETO / P;0.0;0.0;0.0
62014000;SEM GTIN;JAQUETA FEM PREMIUM NYLON RESINADO - TOPFLOW / PRETO / M;0.0;0.0;0.0
62014000;SEM GTIN;JAQUETA MASC PREMIUM NYLON RESINADO - TOPFLOW / PRETO / P;0.0;0.0;0.0
62014000;SEM GTIN;JAQUETA MASC PREMIUM NYLON RESINADO - TOPFLOW / PRETO / M;0.0;0.0;0.0
62014000;SEM GTIN;JAQUETA MASC PREMIUM NYLON RESINADO - TOPFLOW / PRETO / G;0.0;0.0;0.0
62014000;SEM GTIN;JAQUETA MASC PREMIUM NYLON RESINADO - TOPFLOW / PRETO / GG;0.0;0.0;0.0
33074900;SEM GTIN;CARFRESHNER PINA COLADAUN;0.0;0.0;0.0
85129000;SEM GTIN;PALHETA AUTOIMPACT DIANT PC24 (PC);0.0;0.0;0.0
85129000;7899766790248;PALHETA AUTOIMPACT DIANT C14 (PC);0.0;0.0;0.0
27101932;17898245572051;ELAION F50J 5W30 Lt;0.0;0.0;0.0
84212300;7891455470592;CJ FILTRO OLEO PH10905 MIX18;0.0;0.0;0.0
27101932;17898245570996;ELAION F50 5W40 Lt;0.0;0.0;0.0
84212300;7891455470622;CJ FILTRO OLEO PH10908 MIX3/4-2 (PC);0.0;0.0;0.0
48203000;SEM GTIN;ENCADERNACAO ESPIRAL;0.0;0.0;0.0
84439923;SEM GTIN;REFIL DE TINTA HP GT53 PRETO (ORIGINAL);0.0;0.0;0.0
32151100;SEM GTIN;REFIL DE TINTA EPSON 544 MAGENTA 70ML (ORIGINAL);0.0;0.0;0.0
84439923;SEM GTIN;REFIL DE TINTA EPSON 544 YELLOW 70ML (ORIGINAL);0.0;0.0;0.0
96082000;SEM GTIN;CANETA MARCA TEXTO CORES (STABILO);0.0;0.0;0.0
94037000;SEM GTIN;SUPORTE P/ NOTEBOOK REGULAVEL (RELIZA);0.0;0.0;0.0
61099000;SEM GTIN;CAMISETA SERIGRAFADA;0.0;0.0;0.0
64039990;SEM GTIN;BOTINA ELASTICO BIDEN. BIQ PVC N 43 CA 15081 - CARTOM;19.00;0.0;0.0
61143000;SEM GTIN;COLETE REFLETIVO LARANJA TAM XG - PLASTCOR;19.00;0.0;0.0
64039990;SEM GTIN;BOTINA NOBUCK BO. COR CAFE N 42;19.00;0.0;0.0
39174090;SEM GTIN;LUVA ESGOTO BRANCO 250;0.0;19.0000;39.0000
39174090;SEM GTIN;JOELHO ESGOTO BRANCO 250 x 45;0.0;19.0000;39.0000
39174090;SEM GTIN;JOELHO ESGOTO BRANCO 250 x 90;0.0;19.0000;39.0000
61034900;SEM GTIN;CALCA PRETA POLI MOD 3 - G;0.0;0.0;0.0
69120000;7897949409314;Caneca Ceramica Branca - Personalizada;0.0;0.0;0.0
39241000;7898666325628;Garrafa Eco Water 450ml - Transparente tampa Color - Laser;0.0;0.0;0.0
40103500;SEM GTIN;KIT CORREIA DENTADA;0.0;0.0;0.0
40103100;SEM GTIN;CORREIA MICRO V;0.0;0.0;0.0
27101932;SEM GTIN;FLUIDO ATF V DEXON V;0.0;0.0;0.0
73261900;SEM GTIN;"ABRACADEIRA VERGALHAO 8""";0.0;0.0;0.0
84818019;SEM GTIN;"DECA BASE VALV HYDRA MAX/CLEAN/PRO 1.1/2""BR";0.0;0.0;0.0
84818019;7894200026082;"DECA BASE VALV HYDRA MAX/CLEAN/PRO 1.1/2""BR";0.0;0.0;0.0
84818093;SEM GTIN;"DECA REG GAVETA RESID HD 2""BRUTO";0.0;0.0;0.0
40169300;SEM GTIN;RETENTOR CUBO RODA DIANTEIRA;0.0;0.0;0.0
40091100;SEM GTIN;MANGUEIRA INFERIOR DO RADIADOR;0.0;0.0;0.0
87089990;SEM GTIN;JG DE EMBUCHAMENTO;0.0;0.0;0.0
73182400;SEM GTIN;CONTRAPINO;0.0;0.0;0.0
27101932;SEM GTIN;GRAXA;0.0;0.0;0.0
87089990;SEM GTIN;ADITIVO RADIADOR;0.0;0.0;0.0
63071000;SEM GTIN;MATERIAL DE LIMPEZA;0.0;0.0;0.0
82029100;7899676019606;SERRA MANUAL ACO FLEX 1224 - COLLINS;19.00;0.0;0.0
82029100;77891265403437;"SERRA MANUAL BIMETAL 12""24D - STARRETT";19.00;0.0;0.0
68051000;7899737518215;LIXA FERRO GR100 225X275 - WORKER;19.00;0.0;0.0
94032090;7899009005573;EXPOSITOR LIXAS DOBRAVEL - BALCAO - WORKER;18.00;0.0;0.0
85365090;SEM GTIN;BOTAO ANTIVANDALISMO C/RET 24V 19MM VERDE - AV19IR-7G;0.0;0.0;0.0
48181000;7898962418253;Papel higienico Maripel 8x10cmX200m;0.0;0.0;0.0
63071000;7898093780038;Pano de chao flanelado M 45 X 75cm;0.0;0.0;0.0
34011190;SEM GTIN;Limpador perfumado Da Casa malbec 5 L;0.0;0.0;0.0
34012010;7898908100440;Sabonete liq Deoline Premisse 5L erva doce;0.0;0.0;0.0
38085910;7899674001719;Aromatizante de ambientes Ultra Fresh baunilha 400mL;0.0;0.0;0.0
85444200;SEM GTIN;CHICOTE SENSOR LUZ DE RE;0.0;0.0;0.0
85011019;7891009016849;MOTOR DE LIMPADOR;0.0;0.0;0.0
39172300;7898067902299;TUBO SERIE LEVE DN 250mm - 6 METROS;19.00;19.00;39.00
39172300;7898600573979;TUBO PVC COL ESG JEI/JERI DN 350X6;19.00;19.00;39.00
84842000;SEM GTIN;JUNTA TEADIT 913 304/GRAF/AC 150# 3;0.0;0.0;0.0
84842000;SEM GTIN;JUNTA TEADIT 913 304/GRAF/AC 300/600# 3;0.0;0.0;0.0
73079900;SEM GTIN;"FLANGE SO ASTM A105 RF 150# ANSI B.16.5 6""";0.0;0.0;0.0
73079100;SEM GTIN;FLANGE SO RF A105 ANSI B16.5 150LBS 4''POL;0.0;0.0;0.0
73063000;SEM GTIN;TUBO ACO CARBONO PRETO C/C NBR5590 SCH40 3,68MM X 4,05KG/M 1.1/2 POL;0.0;0.0;0.0
73063000;SEM GTIN;TUBO ACO CARBONO PRETO C/C NBR5590 SCH40 3,91MM X 5,44KG/M 2 POL;0.0;0.0;0.0
73079100;SEM GTIN;FLANGE GRANDE ROSCA;0.0;0.0;0.0
73079100;SEM GTIN;FLANGE GRANDE ROSCA;0.0;0.0;0.0
73079100;SEM GTIN;VALVULAS LIMPAR ROSCA;0.0;0.0;0.0
73079100;SEM GTIN;VALVULAS LIMPAR ROSCA;0.0;0.0;0.0
73079100;SEM GTIN;"FLANGES 2""";0.0;0.0;0.0
73079100;SEM GTIN;FLANGES REBAIXO SOLDA;0.0;0.0;0.0
73079100;SEM GTIN;COTOVELO 90� LIMPAR ROSCA;0.0;0.0;0.0
39174090;7891960120029;ADAPTADOR SOLD CURTO 25MMX3/4;0.0;0.0;0.0
40169300;SEM GTIN;ANEL COLETOR 150;19.0000;0.0;0.0
40151900;7898207210437;LUVA MULTIUSO AMARELA M!;0.0;0.0;0.0
34029090;7898907661928;LIMPADOR MULTIUSO DA CASA 5 LTS!;0.0;0.0;0.0
34029090;2067250220006;AGUA SANITARIA ATOMOS 5LTS!;0.0;0.0;0.0
34029090;SEM GTIN;DETERGENTE NEUTRO DA CASA 5 LT!;0.0;0.0;0.0
34052000;7896017424204;CERA LIQUIDA GUANABARA INCOLOR 5 LT!;0.0;0.0;0.0
68053090;7898509280985;ESPONJA DUPLA FACE ESFREBOM!;0.0;0.0;0.0
73071920;SEM GTIN;2083-12-12 ADAP RETO MF 3/4 X MF 3/4 NPT;19.00;0.0;0.0
73079900;SEM GTIN;2083-16-16 ADAP RETO MF 1 X MF 1 NPT;19.00;0.0;0.0
73079900;SEM GTIN;2021-12-12 ADAP RETO JIC 37 INOX BSP;19.00;0.0;0.0
73071920;SEM GTIN;2083-12-12 ADAP RETO MF 3/4 X MF 3/4 NPT;19.00;0.0;0.0
73079900;SEM GTIN;2083-16-16 ADAP RETO MF 1 X MF 1 NPT;19.00;0.0;0.0
73071920;SEM GTIN;2083-12-12 ADAP RETO MF 3/4 X MF 3/4 NPT;19.00;0.0;0.0
73079900;SEM GTIN;2083-16-16 ADAP RETO MF 1 X MF 1 NPT;19.00;0.0;0.0
84818093;SEM GTIN;VALVULA GAVETA WCB HA ANSI 150LBS 2 POL;0.0;0.0;0.0
85071090;SEM GTIN;ACUM. ELET. F110E PIONEIRO;0.0;0.0;0.0
48025610;SEM GTIN;PAPEL DANFE A4 C/500FLS (TAMOIO);0.0;0.0;0.0
96082000;SEM GTIN;CANETA MARCA TEXTO CORES (STABILO);0.0;0.0;0.0
40169200;SEM GTIN;BORRACHA CAPA PLASTICA TR18 (MERCUR);0.0;0.0;0.0
96082000;SEM GTIN;CANETA PINCEL ATOMICO AZUL (BIC);0.0;0.0;0.0
96082000;SEM GTIN;CANETA PINCEL ATOMICO VERMELHA (BIC);0.0;0.0;0.0
96082000;SEM GTIN;CANETA PINCEL ATOMICO PRETO (BIC);0.0;0.0;0.0
96084000;SEM GTIN;LAPISEIRA 07 SUPER GRIP EMBORRACHADA (PILOT);0.0;0.0;0.0
96082000;SEM GTIN;CANETA MARCA TEXTO AMARELA LUMI-COLOR (PILOT);0.0;0.0;0.0
85061011;SEM GTIN;PILHA ALCALINA AA PEQUENA C/ 4UN (ELGIN);0.0;0.0;0.0
48025610;SEM GTIN;PAPEL A4 75GR BRANCO 210 X 297 CX/ 5000FLS (REPORT);0.0;0.0;0.0
35061090;SEM GTIN;COLA BASTAO 36GR ECOLUTIONS (BIC);0.0;0.0;0.0
84439939;SEM GTIN;Feltro Almofada Epson L1110 L3110 L3150 L3160 L5190 10003077;0.0;0.0;0.0
64039190;SEM GTIN;BOTINA NOBUCK CAFE C/ BIQUEIRA N 42 - CA 42742;19.0000;0.0;0.0
84717010;SEM GTIN;HD EXTERNO - 1TB;0.0;0.0;0.0
85423190;SEM GTIN;PROCESSADOR CORE I5 - 10400 BOX;0.0;0.0;0.0
84733041;SEM GTIN;PLACA MAE GIGABYTE H410M;0.0;0.0;0.0
84733042;SEM GTIN;MEMORIA DESKTOP - 8GB/ DDR4/ 3200MHZ;0.0;0.0;0.0
84717040;SEM GTIN;SSD WD GREEN - 480GB M.2 NVME;0.0;0.0;0.0
84733011;SEM GTIN;GABINETE - S/ FONTE;0.0;0.0;0.0
85044021;SEM GTIN;FONTE 500W;0.0;0.0;0.0
39174090;SEM GTIN;JOELHO COLETOR 100 x 90;0.0;19.0000;39.0000
39174090;SEM GTIN;JOELHO COLETOR 100 x 45;0.0;19.0000;39.0000
39174090;SEM GTIN;TE COLETOR 100;0.0;19.0000;39.0000
39174090;SEM GTIN;JUNCAO COLETOR 100;0.0;19.0000;39.0000
39174090;SEM GTIN;LUVA CORRER COLETOR 100;0.0;19.0000;39.0000
39174090;SEM GTIN;JOELHO COLETOR 150 x 45;0.0;19.0000;39.0000
39174090;SEM GTIN;LUVA SIMPLES COLETOR DN 150;0.0;19.0000;39.0000
39174090;SEM GTIN;REDUCAO COLETOR 150 x 100;0.0;19.0000;39.0000
39174090;SEM GTIN;REDUCAO ESGOTO BRANCO 300 x 150;0.0;19.0000;39.0000
85072010;SEM GTIN;BATERIA 3V RECARREGAVEL VL1220 PANASONIC;0.0;0.0;0.0
85322390;SEM GTIN;CAPACITOR ELETROLITICO 220UF 16V;0.0;0.0;0.0
85423190;SEM GTIN;PLACA PLACA ELETRONICA ZH-WN WIFI;0.0;0.0;0.0
73071910;SEM GTIN;"FG FLANGE SEXTAVADO 3""";0.0;0.0;0.0
73071920;SEM GTIN;CURVA 90 RL WPB A234 SCH40 1.1/4 SW;0.0;0.0;0.0
73071920;SEM GTIN;CURVA 90 RL WPB A234 SCH40 1 SW;0.0;0.0;0.0
87089510;SEM GTIN;AIR BAG MOTORIS;0.0;0.0;0.0
48189090;SEM GTIN;Papel toalha interfolhado extra luxo Maripel 20X21cm c/ 8 pct;0.0;0.0;0.0
39172300;7898638112010;TUBO COLETOR ESGOTO JEI DN 100mm - 6 METROS;19.00;19.00;39.00
39172300;7898638112003;TUBO COLETOR ESGOTO JEI DN 150mm - 6 METROS;19.00;19.00;39.00
32081010;1000000081220;0,900 LT 039753 AZUL SEGURANCA 2,5 PB 4/10 MUNSELL SINT. AUTOMOTIVO MUNSEL 2,5 PB4/10 C;0.0;0.00;0.0
32089010;7893866340471;ESM SINTAMARELO SEGURANCA 5Y8/12 0,9L BRASILUX 205101;0.0;0.00;0.0
68159990;SEM GTIN;JUNTA U60NA;19.0000;0.0;0.0
84842000;SEM GTIN;JUNTA TEADIT 913 304/GRAF/AC 150# 2;0.0;0.0;0.0
84842000;SEM GTIN;JUNTA TEADIT 913 304/GRAF/AC 150# 3/4;0.0;0.0;0.0
84842000;SEM GTIN;JUNTA TEADIT 913 304/GRAF/AC 150# 1;0.0;0.0;0.0
39172300;7897801320276;TUBO ULTRATERM 3M - 22MM;4.0000;12.0000;51.6400
40169300;7897801302371;ANEL DE VEDACAO P/ESG. DN 75;12.0000;0.0;0.0
40169300;7897801302388;ANEL DE VEDACAO P/ESG. DN 100;12.0000;0.0;0.0
39172300;7897801304016;TUBO PVC SOLDAVEL - 6M - 25MM;12.0000;12.0000;39.0000
39172300;7897801304139;TUBO PVC ESGOTO PRIM. - 6M - DN 100;12.0000;12.0000;39.0000
39172300;7897801304146;TUBO PVC ESGOTO PRIM. - 6M - DN 150;12.0000;12.0000;39.0000
39174090;7897801301473;PLUG ROSCAVEL 1/2;12.0000;19.0000;51.0100
39174090;7897801302111;PLUG ROSCAVEL 3/4;12.0000;19.0000;51.0100
35061090;7897801302678;ADESIVO FRASCO 850 G;12.0000;0.0;0.0
38140090;7897801302685;SOLUCAO PREPARADORA 200 ML;12.0000;0.0;0.0
38140090;7897801302692;SOLUCAO PREPARADORA 1000 ML;12.0000;0.0;0.0
39174090;7897801301640;JOELHO 45 ESGOTO PRIM - DN 100;12.0000;19.0000;51.0100
39174090;7897801300223;JOELHO 90 ESGOTO PRIM - DN 100;12.0000;19.0000;51.0100
39174090;7897801301824;LUVA ESGOTO PRIM. - DN 50;12.0000;19.0000;51.0100
39174090;7897801301800;LUVA ESGOTO PRIM. - DN 100;12.0000;19.0000;51.0100
84813000;7897801311199;VALVULA DE RETENCAO DE ESGOTO DN 100;12.0000;19.0000;62.9600
34011900;7897801302715;PASTA LUBRIFICANTE 400 G;12.0000;0.0;0.0
34011900;7897801302722;PASTA LUBRIFICANTE 1 KG;12.0000;0.0;0.0
39174090;7897801302180;CX.SIFONADA NR.05 QUAD.BRANCA 100 X 100 X 50;12.0000;19.0000;51.0100
85381000;7897801318266;QUADRO DISTR 24D/18N EMBUTIR COM BARRAMENTO;12.0000;0.0;0.0
39172300;7897801304146;TUBO PVC ESGOTO PRIM. - 6M - DN 150;12.0000;12.0000;39.0000
39174090;7897801301831;CAP ESGOTO PRIM. - DN 100;12.0000;19.0000;51.0100
39172300;7897801309653;ELETROD PVC FLEX CORRUG REFORCADO 25MM 50 MT;12.0000;12.0000;39.0000
39172300;7897801309653;ELETROD PVC FLEX CORRUG REFORCADO 25MM 50 MT;12.0000;12.0000;39.0000
39174090;7897801312271;LUVA ROSCAVEL 2;12.0000;19.0000;51.0100
39174090;7897801301473;PLUG ROSCAVEL 1/2;12.0000;19.0000;51.0100
39174090;7897801302517;TE ROSCAVEL 1/2;12.0000;19.0000;51.0100
39174090;7897801301350;TE ROSCAVEL 3/4;12.0000;19.0000;51.0100
39174090;7897801311878;TE ROSCAVEL 2;12.0000;19.0000;51.0100
39209990;7897801300100;FITA VEDAROSCA 18MM X 25M;12.0000;19.0000;51.0100
39174090;7897801300520;ADAPTADOR SOLD CURTO 20MM X 1/2;12.0000;19.0000;51.0100
39174090;7897801300506;JOELHO 90 SOLD - 20MM;12.0000;19.0000;51.0100
39174090;7897801302265;LUVA DE CORRER P/TUBO SOLD.32MM;12.0000;19.0000;51.0100
34011900;7897801302715;PASTA LUBRIFICANTE 400 G;12.0000;0.0;0.0
39172300;7897801304016;TUBO PVC SOLDAVEL - 6M - 25MM;12.0000;12.0000;39.0000
39174090;7897801310918;CURVA 45 ESG. LONGA DN 100;12.0000;19.0000;51.0100
39174090;7897801313919;LUVA SIMPLES ESGOTO SERIE REFORCADA DN100;12.0000;19.0000;51.0100
39174090;7897801313872;JOELHO 45� ESGOTO SERIE REFORCADA DN100;12.0000;19.0000;51.0100
39172300;7897801320276;TUBO ULTRATERM 3M - 22MM;4.0000;12.0000;51.6400
39172300;7897801304009;TUBO PVC SOLDAVEL - 6M - 20MM;12.0000;12.0000;39.0000
39172300;7897801304023;TUBO PVC SOLDAVEL - 6M - 32MM;12.0000;12.0000;39.0000
39172300;7897801304108;TUBO PVC ESGOTO SEC. - 6M - DN 40;12.0000;12.0000;39.0000
39172300;7897801304115;TUBO PVC ESGOTO PRIM. - 6M - DN 50;12.0000;12.0000;39.0000
39172300;7897801304146;TUBO PVC ESGOTO PRIM. - 6M - DN 150;12.0000;12.0000;39.0000
39174090;7897801301770;JOELHO 45 ESGOTO PRIM - DN 75;12.0000;19.0000;51.0100
39174090;7897801302920;JOELHO 45 ESGOTO PRIM - DN 150;12.0000;19.0000;51.0100
39174090;7897801301442;JOELHO 90 ESGOTO PRIM - DN 75;12.0000;19.0000;51.0100
39174090;7897801302937;LUVA ESGOTO PRIM. - DN 150;12.0000;19.0000;51.0100
39174090;7897801303019;TE ESGOTO PRIM. - DN 150X150;12.0000;19.0000;51.0100
39172300;7897801309660;ELETROD PVC FLEX CORRUG REFORCADO 32MM 25 MT;12.0000;12.0000;39.0000
39174090;7897801319294;CAIXA DE LUZ OCTOGONAL REFORCADO 4X4;12.0000;19.0000;51.0100
85381000;7897801318198;QUADRO DISTR 16D/11N EMBUTIR SEM BARRAMENTO;12.0000;0.0;0.0
85381000;7897801319492;QUADRO SISTEMA VDI 30X35 - EMBUTIR;12.0000;0.0;0.0
85381000;7897801319515;CAIXA PASSAGEM ELETRICA PAREDE 25X20 EMBUTIR;12.0000;0.0;0.0
85381000;7897801319522;CAIXA PASSAGEM ELETRICA PAREDE 30X20 EMBUTIR;12.0000;0.0;0.0
85381000;7897801319539;CAIXA PASSAGEM ELETRICA PAREDE 30X35 EMBUTIR;12.0000;0.0;0.0
40169300;7897801302371;ANEL DE VEDACAO P/ESG. DN 75;12.0000;0.0;0.0
39174090;7897801320337;CAIXA DE GORDURA DN300;12.0000;19.0000;51.0100
39174090;7897801314763;CURVA TRANSP F/F PPR 25MM;4.0000;19.0000;64.7400
39174090;7897801314770;CURVA TRANSP F/F PPR 32MM;4.0000;19.0000;64.7400
39174090;7897801315135;LUVA SIMPLES F/F PPR 25MM;4.0000;19.0000;64.7400
39172300;7897801304139;TUBO PVC ESGOTO PRIM. - 6M - DN 100;12.0000;12.0000;39.0000
39172300;7897801304146;TUBO PVC ESGOTO PRIM. - 6M - DN 150;12.0000;12.0000;39.0000
39172300;7897801309042;TUBO PVC ESGOTO PRIM. - 3M - DN 200;12.0000;12.0000;39.0000
39174090;7897801302920;JOELHO 45 ESGOTO PRIM - DN 150;12.0000;19.0000;51.0100
39174090;7897801300230;JOELHO 90 ESGOTO PRIM - DN 150;12.0000;19.0000;51.0100
39174090;7897801302937;LUVA ESGOTO PRIM. - DN 150;12.0000;19.0000;51.0100
39174090;7897801303019;TE ESGOTO PRIM. - DN 150X150;12.0000;19.0000;51.0100
39174090;7897801320597;PROLONGADOR DN300;12.0000;19.0000;51.0100
39174090;7897801301770;JOELHO 45 ESGOTO PRIM - DN 75;12.0000;19.0000;51.0100
39174090;7897801301640;JOELHO 45 ESGOTO PRIM - DN 100;12.0000;19.0000;51.0100
39174090;7897801302920;JOELHO 45 ESGOTO PRIM - DN 150;12.0000;19.0000;51.0100
39174090;7897801300223;JOELHO 90 ESGOTO PRIM - DN 100;12.0000;19.0000;51.0100
39174090;7897801300230;JOELHO 90 ESGOTO PRIM - DN 150;12.0000;19.0000;51.0100
39174090;7897801301800;LUVA ESGOTO PRIM. - DN 100;12.0000;19.0000;51.0100
39174090;7897801302937;LUVA ESGOTO PRIM. - DN 150;12.0000;19.0000;51.0100
39172300;7897801304009;TUBO PVC SOLDAVEL - 6M - 20MM;12.0000;12.0000;39.0000
39172300;7897801304016;TUBO PVC SOLDAVEL - 6M - 25MM;12.0000;12.0000;39.0000
39172300;7897801304047;TUBO PVC SOLDAVEL - 6M - 50MM;12.0000;12.0000;39.0000
39172300;7897801304108;TUBO PVC ESGOTO SEC. - 6M - DN 40;12.0000;12.0000;39.0000
39172300;7897801304115;TUBO PVC ESGOTO PRIM. - 6M - DN 50;12.0000;12.0000;39.0000
39172300;7897801304139;TUBO PVC ESGOTO PRIM. - 6M - DN 100;12.0000;12.0000;39.0000
39172300;7897801304146;TUBO PVC ESGOTO PRIM. - 6M - DN 150;12.0000;12.0000;39.0000
39172300;7897801308557;TUBO PVC ESGOTO PRIM. - 6M - DN 200;12.0000;12.0000;39.0000
39172300;7897801308571;TUBO PVC LEVE - 6M - DN 250;12.0000;12.0000;39.0000
39172200;7897801314176;TUBO PPR PN20 75MMX3M;4.0000;19.0000;64.7400
39174090;7897801300308;JOELHO 90 SOLD - 25MM;12.0000;19.0000;51.0100
39174090;7897801300650;JOELHO 90 SOLD - 50MM;12.0000;19.0000;51.0100
39174090;7897801300322;TE SOLD - 25MM;12.0000;19.0000;51.0100
39174090;7897801300698;TE SOLD - 50MM;12.0000;19.0000;51.0100
39174090;7897801301640;JOELHO 45 ESGOTO PRIM - DN 100;12.0000;19.0000;51.0100
39174090;7897801300339;JOELHO 90 ESGOTO SEC.- DN 40;12.0000;19.0000;51.0100
39174090;7897801301145;JOELHO 90 ESGOTO PRIM - DN 50;12.0000;19.0000;51.0100
39174090;7897801300223;JOELHO 90 ESGOTO PRIM - DN 100;12.0000;19.0000;51.0100
39174090;7897801301800;LUVA ESGOTO PRIM. - DN 100;12.0000;19.0000;51.0100
39174090;7897801302937;LUVA ESGOTO PRIM. - DN 150;12.0000;19.0000;51.0100
84818099;7897801307901;TORNEIRA ESF.P/JARDIM/TANQUE - 1/2 E 3/4;12.0000;19.0000;62.9600
39174090;7897801308489;CORPO CAIXA SIFONADA NR.28 100 X 100 X 50;12.0000;19.0000;51.0100
39259090;7897801310444;CAIXA DE LUZ P/ELETR. FLEXIVEL CORRUGADO 4X2;12.0000;0.0;0.0
39259090;7897801310321;CAIXA DE LUZ P/ELETR. FLEXIVEL CORRUGADO 4X4;12.0000;0.0;0.0
39191020;7897801300971;FITA ISOLANTE ANTI-CHAMA C/CELOF.19MM X 20M;4.0000;19.0000;64.7400
39174090;7897801319744;CONECTOR RM ULTRATERM - 22 X 3/4;12.0000;19.0000;51.0100
39174090;7897801319775;JOELHO 45� ULTRATERM - 22MM;12.0000;19.0000;51.0100
39174090;7897801319904;LUVA ULTRATERM - 22MM;12.0000;19.0000;51.0100
39174090;7897801320597;PROLONGADOR DN300;12.0000;19.0000;51.0100
39174090;7897801314350;ADAPTADOR TRANS F/F PPR 40X1.1/4;4.0000;19.0000;64.7400
39174090;7897801315975;ADAPTADOR TRANS F/M PPR 75X2 1.2;4.0000;19.0000;64.7400
39174090;7897801314992;JOELHO 90 F/F PPR 75MM;4.0000;19.0000;64.7400
39174090;7897801315159;LUVA SIMPLES F/F PPR 40MM;4.0000;19.0000;64.7400
39174090;7897801315180;LUVA SIMPLES F/F PPR 75MM;4.0000;19.0000;64.7400
39174090;7897801315524;TE F/F/F PPR 75MM;4.0000;19.0000;64.7400
84818021;SEM GTIN;PURG. BOIA FTV-142/10 1'' BSPT C/EAR;12.0000;0.0;0.0
73079100;SEM GTIN;"FLANGE S O 150 LBS 2""ACO CARBONO FORJN93222";4.00;0.0;0.0
73079100;SEM GTIN;"FLANGE S O 300 LBS 2""ACO CARBONO FORJN3222";4.00;0.0;0.0
73079100;SEM GTIN;"FLANGE LISA RF 150 LBS 1/2""ACO CARBONO FORJN932412";4.00;0.0;0.0
73079100;SEM GTIN;"FLANGE LISA RF 150 LBS 3/4""ACO CARBONO FORJN932434";4.00;0.0;0.0
73079100;SEM GTIN;"FLANGE LISA RF 150 LBS 1-1/2""ACO CARBONO FORJN9324112";4.00;0.0;0.0
73079100;SEM GTIN;"FLANGE LISA RF 150 LBS 2""ACO CARBONO FORJN93242";4.00;0.0;0.0
73079100;SEM GTIN;"FLANGE LISA RF 150 LBS 3""ACO CARBONO FORJN93243";4.00;0.0;0.0
73079100;SEM GTIN;"FLANGE LISA RF 150 LBS 4""ACO CARBONO FORJN93244";4.00;0.0;0.0
73079100;SEM GTIN;"FLANGE LISA RF 150 LBS 5""ACO CARBONO FORJN93245";4.00;0.0;0.0
73079100;SEM GTIN;"FLANGE LISA RF 150 LBS 6""ACO CARBONO FORJN93246";4.00;0.0;0.0
73079100;SEM GTIN;"FLANGE LISA RF 150 LBS 10""ACO CARBONO FORJN932410";4.00;0.0;0.0
73079100;SEM GTIN;"FLANGE S O 150 LBS 3/4""ACO CARBONO FORJN932234";4.00;0.0;0.0
73079100;SEM GTIN;"FLANGE S O 150 LBS 1-1/2""ACO CARBONO FORJN9322112";4.00;0.0;0.0
73079100;SEM GTIN;"FLANGE S O 150 LBS 2""ACO CARBONO FORJN93222";4.00;0.0;0.0
73079100;SEM GTIN;"FLANGE S O 150 LBS 2-1/2""ACO CARBONO FORJN9322212";4.00;0.0;0.0
73079100;SEM GTIN;"FLANGE S O 150 LBS 3""ACO CARBONO FORJN93223";4.00;0.0;0.0
73079100;SEM GTIN;"FLANGE S O 150 LBS 5""ACO CARBONO FORJN93225";4.00;0.0;0.0
73079100;SEM GTIN;"FLANGE S O 150 LBS 10""ACO CARBONO FORJN932210";4.00;0.0;0.0
39172200;7898941481186;TUBO PN-20 110 3MTS (AQ/AF);12.00;0.0;0.0
84659400;7898946759822;TERMOFUSOR 220V 800W (20/63) PEQ. RPC - ACOMPANHA BOCAIS DE 20 A 63MM;4.00;0.0;0.0
84659400;7898946759815;TERMOFUSOR 220V 1100W (20/110) GRANDE RPC - ACOMPANHA BOCAIS DE 75 A 110MM;4.00;0.0;0.0
73071990;SEM GTIN;UNIAO ASS BRONZE 1 1/2;4.0000;0.0;0.0
73071910;SEM GTIN;BUCHA RED GIPP 2 1/2 X 3/4;4.0000;0.0;0.0
73071990;SEM GTIN;BUCHA RED GIPP 1 1/2 X 3/4;4.0000;0.0;0.0
73071910;SEM GTIN;BUCHA RED GIPP 3 X 2;4.0000;0.0;0.0
73071910;SEM GTIN;CURVA FEMEA GIPP 2 1/2;4.0000;0.0;0.0
73071910;SEM GTIN;TEE 3;4.0000;0.0;0.0
84212100;SEM GTIN;FILTRO Y LAT PN25 1;4.0000;0.0;0.0
73071910;SEM GTIN;NIPLE DUPLO GIPP 3;4.0000;0.0;0.0
73071910;SEM GTIN;NIPLE DUPLO GIPP 4;4.0000;0.0;0.0
73071910;SEM GTIN;LUVA RED GIPP 4 X 3;4.0000;0.0;0.0
73071990;SEM GTIN;BUCHA RED GIPP 1 X 3/8;4.0000;0.0;0.0
73071990;SEM GTIN;BUCHA RED GIPP 1 1/2 X 1;4.0000;0.0;0.0
73071990;SEM GTIN;COTOVELO GIPP 1;4.0000;0.0;0.0
73071990;SEM GTIN;COTOVELO GIPP 1 1/2;4.0000;0.0;0.0
73071990;SEM GTIN;COTOVELO GIPP 1/2;4.0000;0.0;0.0
73071990;SEM GTIN;COTOVELO GIPP 2;4.0000;0.0;0.0
73071910;SEM GTIN;COTOVELO GIPP 3;4.0000;0.0;0.0
73071990;SEM GTIN;COTOVELOM/F GIPP 1 1/2;4.0000;0.0;0.0
73071990;SEM GTIN;COTOVELOM/F GIPP 1/2;4.0000;0.0;0.0
73071990;SEM GTIN;CURVA FEMEA GIPP 1 1/2;4.0000;0.0;0.0
73071990;SEM GTIN;LUVA GIPP 2;4.0000;0.0;0.0
73071910;SEM GTIN;LUVA GIPP 3;4.0000;0.0;0.0
73071990;SEM GTIN;LUVA RED GIPP 1/2 X 1/4;4.0000;0.0;0.0
73071990;SEM GTIN;NIPLE DUPLO GIPP 1;4.0000;0.0;0.0
73071990;SEM GTIN;NIPLE DUPLO GIPP 1/2;4.0000;0.0;0.0
73071990;SEM GTIN;NIPLE RED GIPP 1/2 X 3/8;4.0000;0.0;0.0
73071990;SEM GTIN;TE GIPP 2;4.0000;0.0;0.0
73071910;SEM GTIN;TE GIPP 3;4.0000;0.0;0.0
73071990;SEM GTIN;TE GIPP 3/4;4.0000;0.0;0.0
73071990;SEM GTIN;UNIAO BRONZE GIPP 2;4.0000;0.0;0.0
73071910;SEM GTIN;UNIAO BRONZE GIPP 2 1/2;4.0000;0.0;0.0
73071990;SEM GTIN;UNIAO BRONZE M/F GIPP 3/4;4.0000;0.0;0.0
73071990;SEM GTIN;LUVA GIPP 1/2;4.0000;0.0;0.0
73071910;SEM GTIN;LUVA RED GIPP 2.1/2 X 1.1/2;4.0000;0.0;0.0
73071910;SEM GTIN;LUVA RED GIPP 2.1/2 X 1.1/2;4.0000;0.0;0.0
73071990;SEM GTIN;NIPLE DUPLO GIPP 1;4.0000;0.0;0.0
73071990;SEM GTIN;TE GIPP 1;4.0000;0.0;0.0
73071990;SEM GTIN;TE RED GIPP 1.1/2 X 1/2;4.0000;0.0;0.0
73071990;SEM GTIN;UNIAO BRONZE GIPP 1.1/2;4.0000;0.0;0.0
73071990;SEM GTIN;UNIAO BRONZE GIPP 1/2;4.0000;0.0;0.0
73071990;SEM GTIN;BUCHA RED GIPP 1.1/2 X 3/4;4.0000;0.0;0.0
73071990;SEM GTIN;BUCHA RED GIPP 1/2 X 3/8;4.0000;0.0;0.0
73071990;SEM GTIN;BUCHA RED GIPP 2 X 1;4.0000;0.0;0.0
73071990;SEM GTIN;BUCHA RED GIPP 2 X 1.1/2;4.0000;0.0;0.0
73071910;SEM GTIN;BUCHA RED GIPP 2.1/2 X 1;4.0000;0.0;0.0
73071910;SEM GTIN;BUCHA RED GIPP 4 X 1;4.0000;0.0;0.0
73071910;SEM GTIN;BUCHA RED GIPP 4 X 1;4.0000;0.0;0.0
73071910;SEM GTIN;BUCHA RED GIPP 4 X 3;4.0000;0.0;0.0
73071990;SEM GTIN;BUJAO GIPP 1;4.0000;0.0;0.0
73071990;SEM GTIN;BUJAO GIPP 3/4;4.0000;0.0;0.0
73071990;SEM GTIN;BUJAO GIPP 3/8;4.0000;0.0;0.0
73071910;SEM GTIN;BUJAO GIPP 4;4.0000;0.0;0.0
73071990;SEM GTIN;COTOVELO 45 GIPP 2;4.0000;0.0;0.0
73071990;SEM GTIN;COTOVELO 45 GIPP 2;4.0000;0.0;0.0
73071910;SEM GTIN;COTOVELO 45 GIPP 2.1/2;4.0000;0.0;0.0
73071990;SEM GTIN;COTOVELO GIPP 1;4.0000;0.0;0.0
73071990;SEM GTIN;COTOVELO GIPP 1.1/2;4.0000;0.0;0.0
73071990;SEM GTIN;COTOVELO GIPP 1/2;4.0000;0.0;0.0
73071990;SEM GTIN;COTOVELO GIPP 2;4.0000;0.0;0.0
73071910;SEM GTIN;COTOVELO GIPP 2.1/2;4.0000;0.0;0.0
73071910;SEM GTIN;COTOVELO GIPP 4;4.0000;0.0;0.0
73071990;SEM GTIN;COTOVELOM/F GIPP 1;4.0000;0.0;0.0
73071990;SEM GTIN;CURVA M/F GIPP 1;4.0000;0.0;0.0
73071990;SEM GTIN;LUVA GIPP 1;4.0000;0.0;0.0
73071990;SEM GTIN;LUVA GIPP 1.1/2;4.0000;0.0;0.0
73071990;SEM GTIN;LUVA GIPP 1/2;4.0000;0.0;0.0
73071990;SEM GTIN;LUVA GIPP 2;4.0000;0.0;0.0
73071910;SEM GTIN;LUVA GIPP 3;4.0000;0.0;0.0
73071990;SEM GTIN;LUVA GIPP 3/4;4.0000;0.0;0.0
73071990;SEM GTIN;LUVA GIPP 3/8;4.0000;0.0;0.0
73071990;SEM GTIN;LUVA M/F GIPP 1;4.0000;0.0;0.0
73071990;SEM GTIN;LUVA M/F GIPP 1 1/2;4.0000;0.0;0.0
73071990;SEM GTIN;NIPLE DUPLO GIPP 1;4.0000;0.0;0.0
73071990;SEM GTIN;NIPLE DUPLO GIPP 1.1/2;4.0000;0.0;0.0
73071990;SEM GTIN;NIPLE DUPLO GIPP 1/2;4.0000;0.0;0.0
73071990;SEM GTIN;NIPLE DUPLO GIPP 2;4.0000;0.0;0.0
73071910;SEM GTIN;NIPLE DUPLO GIPP 3;4.0000;0.0;0.0
73071990;SEM GTIN;NIPLE DUPLO GIPP 3/4;4.0000;0.0;0.0
73071910;SEM GTIN;TAMPAO GIPP 3;4.0000;0.0;0.0
73071990;SEM GTIN;TE 45 GIPP 1;4.0000;0.0;0.0
73071990;SEM GTIN;TE GIPP 1;4.0000;0.0;0.0
73071990;SEM GTIN;TE GIPP 1/2;4.0000;0.0;0.0
73071990;SEM GTIN;TE GIPP 3/4;4.0000;0.0;0.0
73071990;SEM GTIN;TE RED GIPP 2 X 1;4.0000;0.0;0.0
73071990;SEM GTIN;UNIAO BRONZE GIPP 1;4.0000;0.0;0.0
73071990;SEM GTIN;UNIAO BRONZE GIPP 1.1/2;4.0000;0.0;0.0
73071990;SEM GTIN;UNIAO BRONZE GIPP 1/2;4.0000;0.0;0.0
73071990;SEM GTIN;UNIAO PLANO GIPP 1;4.0000;0.0;0.0
73071990;SEM GTIN;UNIAO PLANO GIPP 1.1/2;4.0000;0.0;0.0
39174090;7898941481025;ADAPT. 110 X 4 (AQ/AF);12.00;0.0;0.0
39174090;7898935865961;JOELHO 90 110 (AQ/AF);12.00;0.0;0.0
39174090;7898941481063;JOELHO 45 110 (AQ/AF);12.00;0.0;0.0
39174090;7898941482251;UNI�O C/ FLANGE PADR�O ANSI 50 (AC);12.00;0.0;0.0
39172100;7891960882408;AMANCO PR - TUBO MULTICAMADA GAS DN16X100M;4.0000;19.0000;64.7400
74122000;7891960880510;AMANCO PR - TE GAS DN16;4.0000;19.0000;64.7400
74122000;7891960882293;AMANCO PR - JOELHO 90 GAS DN20;4.0000;19.0000;64.7400
74122000;7891960882286;AMANCO PR - JOELHO 90 GAS DN16;4.0000;19.0000;64.7400
74122000;7891960880527;AMANCO PR - TE GAS DN20;4.0000;19.0000;64.7400
39172100;7891960882415;AMANCO PR - TUBO MULTICAMADA GAS DN20X100M;4.0000;19.0000;64.7400
74122000;7891960882323;AMANCO PR - JOELHO 90 TRANS F GAS DN20X1/2;4.0000;19.0000;64.7400
74122000;7891960882316;AMANCO PR - JOELHO 90 TRANS F GAS DN16X1/2;4.0000;19.0000;64.7400
82032010;7891960880176;AMANCO PR - ALICATE PRENSA MANUAL CONEXAO GAS;4.0000;19.0000;82.5200
74122000;7891960855037;AMANCO PR - TE TRANS F GAS DN20X1/2;4.0000;19.0000;64.7400
73072900;SEM GTIN;PONTA ROSCADA M 150LBS 304 DN025 - 1P BSP;4.00;0.0;0.0
73072900;SEM GTIN;PONTA ROSCADA M 150LBS 304 DN050 - 2P BSP;4.00;0.0;0.0
73072900;SEM GTIN;CONTRA PORCA FF 150LBS 316 DN025 - 1P BSP;4.00;0.0;0.0
73071920;SEM GTIN;"CURVA 90RL SCH040 CARBONO A234 DN025 - 1""";4.00;0.0;0.0
73072900;SEM GTIN;UNIAO MF 150LBS 304 DN040 - 1.1/2P BSP;4.00;0.0;0.0
84818094;SEM GTIN;V. GLOBO ANG 316 SIMPLES ACAO AT PNEUMATICO PN16/10 DN025 - 1P BSP;4.00;0.0;0.0
73079200;SEM GTIN;LUVA LISA FF 3000LBS ASTM A105 - AC DN040 - 1.1/2P BSP;4.00;0.0;0.0
73072900;SEM GTIN;UNIAO FF 150LBS 304 DN025 - 1P BSP;4.00;0.0;0.0
73079200;SEM GTIN;LUVA LISA FF 3000LBS ASTM A105 - AC DN040 - 1.1/2P SW;4.00;0.0;0.0
73072300;SEM GTIN;CURVA 90RL OD PI/PE 304 - 08 - 38,10 1.1/2P;4.00;0.0;0.0
73072300;SEM GTIN;TEE 45 OD PI/PE 304 - 08 - 38,10(1.1/2P);4.00;0.0;0.0
73072900;SEM GTIN;TC NIPLE CURTO 304 - 04 - 12,70(1/2P) x 12,7MM;4.00;0.0;0.0
73071920;SEM GTIN;REDUCAO CONCENTRICA SCH040 CARBONO A234 DN050 2P x DN040 1.1/2P;4.00;0.0;0.0
73072300;SEM GTIN;TEE 45 OD PI/PE 304 - 08 - 38,10(1.1/2P);4.00;0.0;0.0
73072900;SEM GTIN;TC NIPLE CURTO 304 - 08 - 38,10(1.1/2P) x 12,7MM;4.00;0.0;0.0
73072900;SEM GTIN;BUCHA REDUCAO MF 150LBS 304 DN032 1.1/4P x DN020 3/4P NPT;4.00;0.0;0.0
73079200;SEM GTIN;MEIA LUVA FF 3000LBS ASTM A105 - AC DN015 - 1/2P SW;4.00;0.0;0.0
73079200;SEM GTIN;MEIA LUVA FF 3000LBS ASTM A105 - AC DN025 - 1P SW;4.00;0.0;0.0
73071920;SEM GTIN;REDUCAO CONCENTRICA SCH040 CARBONO A234 DN050 2P x DN040 1.1/2P;4.00;0.0;0.0
73079200;SEM GTIN;MEIA LUVA FF 3000LBS ASTM A105 - AC DN015 - 1/2P NPT;4.00;0.0;0.0
73079100;SEM GTIN;FLANGE SO RF ANSI B16.5 150LBS ASTM A105 F-AC DN150-6P;4.00;0.0;0.0
73072300;SEM GTIN;"CURVA 90RL SCH010 AI 304 A403 DN100 - 4""";4.00;0.0;0.0
73071920;SEM GTIN;"CURVA 90RL SCH040 CARBONO A234 DN080 - 3""";4.00;0.0;0.0
73072100;SEM GTIN;FLANGE CEGO RF ANSI B16.5 150LBS ASTM A182 F-304 DN032-1.1/4P;4.00;0.0;0.0
73071920;SEM GTIN;"CURVA 90RL SCH040 CARBONO A234 DN032 - 1.1/4""";4.00;0.0;0.0
73072200;SEM GTIN;MEIA LUVA FF 150LBS 304 DN040 - 1.1/2P BSP;4.00;0.0;0.0
73079100;SEM GTIN;FLANGE SO RF ANSI B16.5 150LBS ASTM A105 F-AC DN150-6P;4.00;0.0;0.0
73079100;SEM GTIN;FLANGE SO RF ANSI B16.5 150LBS ASTM A105 F-AC DN125-5P;4.00;0.0;0.0
73071920;SEM GTIN;"CURVA 90RL SCH040 CARBONO A234 DN025 - 1""";4.00;0.0;0.0
73071920;SEM GTIN;"CURVA 90RL SCH040 CARBONO A234 DN150 - 6""";4.00;0.0;0.0
73071920;SEM GTIN;"CURVA 90RL SCH040 CARBONO A234 DN080 - 3""";4.00;0.0;0.0
73071920;SEM GTIN;REDUCAO CONCENTRICA SCH040 CARBONO A234 DN150 6P x DN125 5P;4.00;0.0;0.0
73071990;7898154710356;ADAPTADOR PARA ENG.RAPIDO 767 ROSCA FEMEA 1/4;12.00;0.0;0.0
73071990;7898154710349;ADAPTADOR PARA ENG.RAPIDO 767 ROSCA MACHO 1/4;12.00;0.0;0.0
84818099;7898154710233;ENGATE RAPIDO ER 767 F 1/2;12.00;0.0;0.0
84818099;7898154710219;ENGATE RAPIDO ER 767 F 1/4;12.00;0.0;0.0
84818099;7898154710240;ENGATE RAPIDO ER 767 M 1/2;12.00;0.0;0.0
84818099;7898154710226;ENGATE RAPIDO ER 767 M 1/4;12.00;0.0;0.0
39173900;7898154714262;MANGUEIRA ESPIRAL PU 8 X 5,5 MM.- 3,5 METROS;12.00;0.0;0.0
39173900;7898154712329;MANGUEIRA ESPIRAL PU8 X 5,5 MM. - 5 METROS.;12.00;0.0;0.0
73071990;SEM GTIN;"Unioes Assento Conico de Ferro MF Galvanizado BSP - 2""12.65.010.33 Ped.Cliente:4387 (0 pcs)";12.00;0.0;0.0
85258929;7899298633358;CAMERA DE VIDEO WI-FI FULL HD IM3 C;12.00;19.00;0.00
39172300;7897801304023;TUBO PVC SOLDAVEL - 6M - 32MM;12.0000;12.0000;39.0000
39172300;7897801304016;TUBO PVC SOLDAVEL - 6M - 25MM;12.0000;12.0000;39.0000
39172300;7897801304108;TUBO PVC ESGOTO SEC. - 6M - DN 40;12.0000;12.0000;39.0000
39172300;7897801304115;TUBO PVC ESGOTO PRIM. - 6M - DN 50;12.0000;12.0000;39.0000
39172300;7897801304122;TUBO PVC ESGOTO PRIM. - 6M - DN 75;12.0000;12.0000;39.0000
39172300;7897801304139;TUBO PVC ESGOTO PRIM. - 6M - DN 100;12.0000;12.0000;39.0000
39172300;7897801304146;TUBO PVC ESGOTO PRIM. - 6M - DN 150;12.0000;12.0000;39.0000
39174090;7897801301800;LUVA ESGOTO PRIM. - DN 100;12.0000;19.0000;51.0100
39174090;7897801320337;CAIXA DE GORDURA DN300;12.0000;19.0000;51.0100
39259090;7897801310475;CAIXA DE LUZ OCTOGONAL 4X4;12.0000;0.0;0.0
39174090;7897801320337;CAIXA DE GORDURA DN300;12.0000;19.0000;51.0100
39174090;7897801320597;PROLONGADOR DN300;12.0000;19.0000;51.0100
39174090;7897801302821;BUCHA RED.SOLD.LONGA 40 X 25MM;12.0000;19.0000;51.0100
40169300;7897801302364;ANEL DE VEDACAO P/ESG. DN 50;12.0000;0.0;0.0
40169300;7897801302371;ANEL DE VEDACAO P/ESG. DN 75;12.0000;0.0;0.0
39172300;7897801304030;TUBO PVC SOLDAVEL - 6M - 40MM;12.0000;12.0000;39.0000
39174090;7897801300704;TE RED SOLD - 50 X 25MM;12.0000;19.0000;51.0100
39174090;7897801301800;LUVA ESGOTO PRIM. - DN 100;12.0000;19.0000;51.0100
39174090;7897801302548;LUVA DE CORRER P/TUBO ESG - DN 75;12.0000;19.0000;51.0100
39172300;7897801304108;TUBO PVC ESGOTO SEC. - 6M - DN 40;12.0000;12.0000;39.0000
39172300;7897801304115;TUBO PVC ESGOTO PRIM. - 6M - DN 50;12.0000;12.0000;39.0000
39172300;7897801304122;TUBO PVC ESGOTO PRIM. - 6M - DN 75;12.0000;12.0000;39.0000
39172300;7897801304139;TUBO PVC ESGOTO PRIM. - 6M - DN 100;12.0000;12.0000;39.0000
39172300;7897801304146;TUBO PVC ESGOTO PRIM. - 6M - DN 150;12.0000;12.0000;39.0000
39174090;7897801302449;CURVA 90 CURTA P/ESG.SEC - DN 40;12.0000;19.0000;51.0100
39174090;7897801301275;JOELHO 45 ESGOTO SEC - DN 40;12.0000;19.0000;51.0100
39174090;7897801301763;JOELHO 45 ESGOTO PRIM - DN 50;12.0000;19.0000;51.0100
39174090;7897801301770;JOELHO 45 ESGOTO PRIM - DN 75;12.0000;19.0000;51.0100
39174090;7897801301640;JOELHO 45 ESGOTO PRIM - DN 100;12.0000;19.0000;51.0100
39174090;7897801302920;JOELHO 45 ESGOTO PRIM - DN 150;12.0000;19.0000;51.0100
39174090;7897801300339;JOELHO 90 ESGOTO SEC.- DN 40;12.0000;19.0000;51.0100
39174090;7897801301145;JOELHO 90 ESGOTO PRIM - DN 50;12.0000;19.0000;51.0100
39174090;7897801301442;JOELHO 90 ESGOTO PRIM - DN 75;12.0000;19.0000;51.0100
39174090;7897801300223;JOELHO 90 ESGOTO PRIM - DN 100;12.0000;19.0000;51.0100
39174090;7897801300230;JOELHO 90 ESGOTO PRIM - DN 150;12.0000;19.0000;51.0100
39174090;7897801301954;JUNCAO 45 SIMPLES P/ESGOTO PRIM - DN 100X100;12.0000;19.0000;51.0100
39174090;7897801301978;JUNCAO RED.45 SIMPLES P/ESG.PRIM - DN 100X50;12.0000;19.0000;51.0100
39174090;7897801308700;JUNCAO RED.45 SIMPLES P/ESG.PRIM - DN 150X100;12.0000;19.0000;51.0100
39174090;7897801301824;LUVA ESGOTO PRIM. - DN 50;12.0000;19.0000;51.0100
39174090;7897801302142;LUVA ESGOTO PRIM. - DN 75;12.0000;19.0000;51.0100
39174090;7897801301800;LUVA ESGOTO PRIM. - DN 100;12.0000;19.0000;51.0100
39174090;7897801302937;LUVA ESGOTO PRIM. - DN 150;12.0000;19.0000;51.0100
40169300;7897801302364;ANEL DE VEDACAO P/ESG. DN 50;12.0000;0.0;0.0
39174090;7897801309998;LUVA PRESSAO P/ ELETR.CORRUGADO AMARELO 25MM;12.0000;19.0000;51.0100
39174090;7897801310000;LUVA PRESSAO P/ ELETR.CORRUGADO AMARELO 32MM;12.0000;19.0000;51.0100
73079100;SEM GTIN;"FLANGE S O 150 LBS 8""ACO CARBONO FORJN93228";4.00;0.0;0.0
73079100;SEM GTIN;"FLANGE CEGA RF 150 LBS4""ACO CARBONO FORJN93214";4.00;0.0;0.0
73079100;SEM GTIN;"FLANGE LISA RF 150 LBS 4""ACO CARBONO FORJN93244";4.00;0.0;0.0
73079100;SEM GTIN;"FLANGE LISA RF 150 LBS 6""ACO CARBONO FORJN93246";4.00;0.0;0.0
73079100;SEM GTIN;"FLANGE LISA RF 150 LBS 8""ACO CARBONO FORJN93248";4.00;0.0;0.0
73079100;SEM GTIN;"FLANGE S O 150 LBS 6""ACO CARBONO FORJN93226";4.00;0.0;0.0
73079100;SEM GTIN;"FLANGE S O 150 LBS 8""ACO CARBONO FORJN93228";4.00;0.0;0.0
73071990;SEM GTIN;BUJAO GIPP 1/4;4.0000;0.0;0.0
73071910;SEM GTIN;COTOVELOM/F GIPP 4;4.0000;0.0;0.0
73071910;SEM GTIN;NIPLE DUPLO GIPP 4;4.0000;0.0;0.0
73071990;SEM GTIN;TAMPAO GIPP 1;4.0000;0.0;0.0
73071990;SEM GTIN;TAMPAO GIPP 1.1/2;4.0000;0.0;0.0
73071990;SEM GTIN;JUNCAO 45 F 2;4.0000;0.0;0.0
73071990;SEM GTIN;TE GIPP 1/2;4.0000;0.0;0.0
73071910;SEM GTIN;UNIAO BRONZE GIPP 3;4.0000;0.0;0.0
84818019;7898911729959;TORNEIRA DE BOIA HASTE ABS FORTLEV;12.0000;19.0000;62.9600
39251000;7898911343032;CAIXA PE FORTLEV 310 L;12.0000;19.0000;57.5300
39251000;7898911343049;CAIXA PE FORTLEV 500 L;12.0000;19.0000;57.5300
39251000;7898911343063;CAIXA PE FORTLEV 1.000 L;12.0000;19.0000;57.5300
73079100;SEM GTIN;FLANGE SO RF ANSI B16.5 150LBS ASTM A105 F-AC DN200-8P;4.00;0.0;0.0
73071920;SEM GTIN;"CURVA 90RL SCH040 CARBONO A234 DN200 - 8""";4.00;0.0;0.0
73079100;SEM GTIN;FLANGE SO RF ANSI B16.5 150LBS ASTM A105 F-AC DN200-8P;4.00;0.0;0.0
73071920;SEM GTIN;REDUCAO CONCENTRICA SCH040 CARBONO A234 DN150 6P x DN125 5P;4.00;0.0;0.0
73071920;SEM GTIN;"CURVA 90RL SCH040 CARBONO A234 DN200 - 8""";4.00;0.0;0.0
73079100;SEM GTIN;FLANGE SO RF ANSI B16.5 150LBS ASTM A105 F-AC DN200-8P;4.00;0.0;0.0
73072900;SEM GTIN;TC UNIAO COMPLETA CURTA 304 EPDM - 12 - 101,60(4P);4.00;0.0;0.0
73072300;SEM GTIN;TEE 45 OD PI/PE 304 - 08 - 38,10(1.1/2P);4.00;0.0;0.0
73072300;SEM GTIN;TEE 45 OD PI/PE 304 - 10 - 63,50(2.1/2P);4.00;0.0;0.0
73072300;SEM GTIN;CURVA 90RL OD PI/PE 304 - 09 - 50,80 2P;4.00;0.0;0.0
73079100;SEM GTIN;FLANGE SOLTO/LAP JOINT ANSI 150LBS ASTM A105 - AC DN100 DN4P;4.00;0.0;0.0
73079100;SEM GTIN;FLANGE SOLTO/LAP JOINT ANSI 150LBS ASTM A105 - AC DN150 DN6P;4.00;0.0;0.0
73079100;SEM GTIN;FLANGE LISO RF ANSI B16.5 150LBS ASTM A105 F-AC DN150-6P;4.00;0.0;0.0
73072900;SEM GTIN;PORCA TAMPAO COM CORRENTE E PRESILHA SMS 304 - 08 - 38,10(1.1/2P);4.00;0.0;0.0
73072900;SEM GTIN;PORCA TAMPAO COM CORRENTE E PRESILHA SMS 304 - 09 - 50,80(2P);4.00;0.0;0.0
73063000;SEM GTIN;TUBO DE ACO CARBONO CIRCULAR 1-33,70x2,65x6000-NBR5580-CL Rir BSP Gal;12.00;0.0;0.0
73063000;SEM GTIN;TUBO DE ACO CARBONO CIRCULAR 2-60,30x3,00x6000-NBR5580-CL Rir BSP Gal;12.00;0.0;0.0
73063000;SEM GTIN;TUBO DE ACO CARBONO CIRCULAR 3-88,90x3,35x6000-NBR5580-CL Rir BSP Gal;12.00;0.0;0.0
73079200;SEM GTIN;"CORPO UNIAO RETA ACO MF METR 24 TB PES X MF SAE UNF ORING TB 12MM M20X1,5 X 3/4""-16";4.00;0.0;0.0
39172300;7897801304023;TUBO PVC SOLDAVEL - 6M - 32MM;12.0000;12.0000;39.0000
39172300;7897801304030;TUBO PVC SOLDAVEL - 6M - 40MM;12.0000;12.0000;39.0000
39172300;7897801304047;TUBO PVC SOLDAVEL - 6M - 50MM;12.0000;12.0000;39.0000
39174090;7897801300490;ADAPTADOR SOLD CURTO 25MM X 3/4;12.0000;19.0000;51.0100
39174090;7897801302821;BUCHA RED.SOLD.LONGA 40 X 25MM;12.0000;19.0000;51.0100
39174090;7897801301879;JOELHO 90 SOLD - 40MM;12.0000;19.0000;51.0100
39174090;7897801300650;JOELHO 90 SOLD - 50MM;12.0000;19.0000;51.0100
39174090;7897801300698;TE SOLD - 50MM;12.0000;19.0000;51.0100
39174090;7897801300704;TE RED SOLD - 50 X 25MM;12.0000;19.0000;51.0100
85381000;7897801318211;QUADRO DISTR 36D/27N EMBUTIR SEM BARRAMENTO;12.0000;0.0;0.0
85381000;7897801319485;QUADRO SISTEMA VDI 30X20 - EMBUTIR;12.0000;0.0;0.0
39172300;7897801304030;TUBO PVC SOLDAVEL - 6M - 40MM;12.0000;12.0000;39.0000
39174090;7897801300490;ADAPTADOR SOLD CURTO 25MM X 3/4;12.0000;19.0000;51.0100
39174090;7897801301879;JOELHO 90 SOLD - 40MM;12.0000;19.0000;51.0100
39174090;7897801307413;UNIAO SOLD - 32MM;12.0000;19.0000;51.0100
39174090;7897801302449;CURVA 90 CURTA P/ESG.SEC - DN 40;12.0000;19.0000;51.0100
39174090;7897801310888;CURVA 45 ESG. LONGA DN 40;12.0000;19.0000;51.0100
39174090;7897801301770;JOELHO 45 ESGOTO PRIM - DN 75;12.0000;19.0000;51.0100
39174090;7897801301978;JUNCAO RED.45 SIMPLES P/ESG.PRIM - DN 100X50;12.0000;19.0000;51.0100
39174090;7897801302142;LUVA ESGOTO PRIM. - DN 75;12.0000;19.0000;51.0100
39174090;7897801301800;LUVA ESGOTO PRIM. - DN 100;12.0000;19.0000;51.0100
39174090;7897801310246;LUVA PRESSAO P/ELETR.CORRUGADO REFORCADO 25MM;12.0000;19.0000;51.0100
39174090;7897801310253;LUVA PRESSAO P/ELETR.CORRUGADO REFORCADO 32MM;12.0000;19.0000;51.0100
39174090;7897801301565;JOELHO 90 SOLD - 32MM;12.0000;19.0000;51.0100
39174090;7897801300650;JOELHO 90 SOLD - 50MM;12.0000;19.0000;51.0100
39174090;7897801300537;LUVA SOLD - 20MM;12.0000;19.0000;51.0100
39174090;7897801310888;CURVA 45 ESG. LONGA DN 40;12.0000;19.0000;51.0100
39174090;7897801301770;JOELHO 45 ESGOTO PRIM - DN 75;12.0000;19.0000;51.0100
39174090;7897801301640;JOELHO 45 ESGOTO PRIM - DN 100;12.0000;19.0000;51.0100
39174090;7897801302920;JOELHO 45 ESGOTO PRIM - DN 150;12.0000;19.0000;51.0100
39174090;7897801301442;JOELHO 90 ESGOTO PRIM - DN 75;12.0000;19.0000;51.0100
39174090;7897801300223;JOELHO 90 ESGOTO PRIM - DN 100;12.0000;19.0000;51.0100
39174090;7897801300230;JOELHO 90 ESGOTO PRIM - DN 150;12.0000;19.0000;51.0100
39174090;7897801302142;LUVA ESGOTO PRIM. - DN 75;12.0000;19.0000;51.0100
39174090;7897801301800;LUVA ESGOTO PRIM. - DN 100;12.0000;19.0000;51.0100
39174090;7897801302937;LUVA ESGOTO PRIM. - DN 150;12.0000;19.0000;51.0100
39174090;7897801301268;TE ESGOTO PRIM. - DN 100X100;12.0000;19.0000;51.0100
35061090;7897801320214;ADESI PLAST C PIN APLIC ULTRATERM -FRSC 175G;12.0000;0.0;0.0
39174090;7897801315135;LUVA SIMPLES F/F PPR 25MM;4.0000;19.0000;64.7400
39174090;7897801307413;UNIAO SOLD - 32MM;12.0000;19.0000;51.0100
35061090;7897801302661;ADESIVO PLASTICO 175G C/ PINCEL;12.0000;0.0;0.0
39174090;7897801302142;LUVA ESGOTO PRIM. - DN 75;12.0000;19.0000;51.0100
39174090;7897801308489;CORPO CAIXA SIFONADA NR.28 100 X 100 X 50;12.0000;19.0000;51.0100
85381000;7897801318198;QUADRO DISTR 16D/11N EMBUTIR SEM BARRAMENTO;12.0000;0.0;0.0
85381000;7897801318211;QUADRO DISTR 36D/27N EMBUTIR SEM BARRAMENTO;12.0000;0.0;0.0
85381000;7897801319522;CAIXA PASSAGEM ELETRICA PAREDE 30X20 EMBUTIR;12.0000;0.0;0.0
39174090;7897801313919;LUVA SIMPLES ESGOTO SERIE REFORCADA DN100;12.0000;19.0000;51.0100
39172300;7897801304122;TUBO PVC ESGOTO PRIM. - 6M - DN 75;12.0000;12.0000;39.0000
35061090;7897801302661;ADESIVO PLASTICO 175G C/ PINCEL;12.0000;0.0;0.0
35061090;7897801302678;ADESIVO FRASCO 850 G;12.0000;0.0;0.0
39174090;7897801311922;ADAPTADOR SOLD. P/CX.DAGUA 110MM X 4;12.0000;19.0000;51.0100
73071920;SEM GTIN;"CURVA 90 R LONGO SCH 40 1""ACO CARB.S/COST.90021";4.00;0.0;0.0
73071920;SEM GTIN;"CURVA 90 R LONGO SCH 40 3""ACO CARB.S/COST.90023";4.00;0.0;0.0
73071920;SEM GTIN;"CURVA 90 R LONGO SCH 40 4""ACO CARB.S/COST.90024";4.00;0.0;0.0
73071920;SEM GTIN;"CURVA 90 R LONGO SCH 40 5""ACO CARB.S/COST.90025";4.00;0.0;0.0
73071920;SEM GTIN;"CURVA 90 R LONGO SCH 40 6""ACO CARB.S/COST.90026";4.00;0.0;0.0
73071920;SEM GTIN;"CURVA 90 R LONGO SCH 40 8""ACO CARB.S/COST.90028";4.00;0.0;0.0
73071920;SEM GTIN;"CURVA 90 R LONGO SCH 40 10""ACO CARB. S/COST.9002.10";4.00;0.0;0.0
73071920;SEM GTIN;"CURVA 45 R LONGO SCH 40 6""ACO CARB.S/COST.90416";4.00;0.0;0.0
73071920;SEM GTIN;"CURVA 45 R LONGO SCH 40 8""ACO CARB.S/COST.90418";4.00;0.0;0.0
73071920;SEM GTIN;"CURVA 45 R LONGO SCH 40 10""ACO CARB.S/COST.9041.10";4.00;0.0;0.0
73071920;SEM GTIN;"TEESCH 40 5""ACO CARBONO S/COST.91305";4.00;0.0;0.0
73071920;SEM GTIN;"TEESCH 40 6""ACO CARBONO S/COST.91306";4.00;0.0;0.0
73071920;SEM GTIN;"TEESCH 40 10""ACO CARBONO S/COST.9130.10";4.00;0.0;0.0
39172200;7898935865374;TUBO PN-20 90 3MTS (AC);12.00;0.0;0.0
39172200;7898906383692;TUBO PN-20 63 3MTS (AC);12.00;0.0;0.0
73071990;SEM GTIN;COTOVELOM/F GIPP 1/2;4.0000;0.0;0.0
73071990;SEM GTIN;BUCHA RED GIPP 1/2 X 3/8;4.0000;0.0;0.0
73071910;SEM GTIN;FLANGE 3;4.0000;0.0;0.0
73071990;SEM GTIN;LUVA RED GIPP 1 X 3/4;4.0000;0.0;0.0
73071990;SEM GTIN;NIPLE RED GIPP 1/2 X 1/4;4.0000;0.0;0.0
73071990;SEM GTIN;JUNCAO 45 F 1;4.0000;0.0;0.0
73071990;SEM GTIN;UNIAO BRONZE GIPP 3/4;4.0000;0.0;0.0
73071990;SEM GTIN;BUCHA RED GIPP 1 X 3/4;4.0000;0.0;0.0
73071990;SEM GTIN;LUVA RED GIPP 1 X 3/4;4.0000;0.0;0.0
73071990;SEM GTIN;COTOVELOM/F GIPP 1/2;4.0000;0.0;0.0
73071990;SEM GTIN;BUCHA RED GIPP 1/2 X 3/8;4.0000;0.0;0.0
73071990;SEM GTIN;UNIAO BRONZE M/F GIPP 3/4;4.0000;0.0;0.0
73071990;SEM GTIN;COTOVELO GIPP 3/4;4.0000;0.0;0.0
73071990;SEM GTIN;LUVA RED M/F 1 X 1/2;4.0000;0.0;0.0
73071990;SEM GTIN;LUVA RED 1 X 1/2;4.0000;0.0;0.0
73071990;SEM GTIN;LUVA RED GIPP 1/2 X 1/4;4.0000;0.0;0.0
73071990;SEM GTIN;LUVA RED M/F GIPP 1.1/2 X 1;4.0000;0.0;0.0
39174090;7898906382480;JOELHO 90 32 (AQ/AF);12.00;0.0;0.0
39174090;7898935864605;JOELHO 90 90 (AC);12.00;0.0;0.0
39174090;7898935865169;TE 90 (AC);12.00;0.0;0.0
39174090;7898935864070;ADAPT. 63 X 2 (AC);12.00;0.0;0.0
39174090;7898935864087;ADAPT. 75 X 2.1/2 (AC);12.00;0.0;0.0
39174090;7898935864841;LUVA 90 (AC);12.00;0.0;0.0
84818095;7898935865831;REGISTRO ESFERA 90MM (AC);12.00;0.0;0.0
39174090;7898935864247;BUCHA RED. 75 X 63 (AC);12.00;0.0;0.0
39174090;7898935864261;BUCHA RED. 90 X 75 (AC);12.00;0.0;0.0
39174090;7898947723853;SUPORTE FIXO 90 (AC);12.00;0.0;0.0
39174090;7898906383630;SUPORTE FIXO 63(AC);12.00;0.0;0.0
73072900;SEM GTIN;NIPLE DUPLO SEXTAVADO MM 150LBS 316 DN025 - 1P NPT;4.00;0.0;0.0
73072900;SEM GTIN;NIPLE DUPLO SEXTAVADO MM 150LBS 316 DN040 - 1.1/2P NPT;4.00;0.0;0.0
73072900;SEM GTIN;BUCHA REDUCAO MF 150LBS 316 DN050 2P x DN025 1P BSP;4.00;0.0;0.0
73072900;SEM GTIN;BUCHA REDUCAO MF 150LBS 316 DN050 2P x DN040 1.1/2P BSP;4.00;0.0;0.0
73079100;SEM GTIN;FLANGE SOLTO/LAP JOINT ANSI 150LBS ASTM A105 - AC DN150 DN6P;4.00;0.0;0.0
73072900;SEM GTIN;PONTA ROSCADA LONGA 100MM-M 150LBS 304 DN080 - 3P BSP;4.00;0.0;0.0
84818094;SEM GTIN;V. GLOBO ANG 316 SIMPLES ACAO AT PNEUMATICO PN16/10 DN025 - 1P BSP;4.00;0.0;0.0
73072300;SEM GTIN;CURVA 90RL OD PE 304 - 07 - 31,75 1.1/4P;4.00;0.0;0.0
73072900;SEM GTIN;TC NIPLE CURTO 304 - 06 - 25,40(1P) x 12,7MM;4.00;0.0;0.0
73072900;SEM GTIN;TC NIPLE CURTO 304 - 05 - 19,05(3/4P) x 12,7MM;4.00;0.0;0.0
73072900;SEM GTIN;TC NIPLE CURTO 304 - 10 - 63,50(2.1/2P) x 12,7MM;4.00;0.0;0.0
73072900;SEM GTIN;TC NIPLE CURTO 304 - 12 - 101,60(4P) x 15,9MM;4.00;0.0;0.0
73072900;SEM GTIN;TC NIPLE CURTO 304 - 13 - 127,00(5P) x 22,2MM;4.00;0.0;0.0
73072900;SEM GTIN;TC NIPLE CURTO 304 - 14 - 152,40(6P) x 22,2MM;4.00;0.0;0.0
73072900;SEM GTIN;TC NIPLE CURTO 304 - 15 - 203,20(8P) x 22,2MM;4.00;0.0;0.0
40169300;SEM GTIN;ANEL DE VEDACAO PARA UNIAO EPDM TC - 05 - 19,05 3/4P;4.00;0.0;0.0
40169300;SEM GTIN;ANEL DE VEDACAO PARA UNIAO EPDM TC - 06 - 25,40 1P;4.00;0.0;0.0
40169300;SEM GTIN;ANEL DE VEDACAO PARA UNIAO EPDM TC - 08 - 38,10 1.1/2P;4.00;0.0;0.0
40169300;SEM GTIN;ANEL DE VEDACAO PARA UNIAO EPDM TC - 09 - 50,80 2P;4.00;0.0;0.0
40169300;SEM GTIN;ANEL DE VEDACAO PARA UNIAO EPDM TC - 11 - 76,20 3P;4.00;0.0;0.0
40169300;SEM GTIN;ANEL DE VEDACAO PARA UNIAO EPDM TC - 12 - 101,60 4P;4.00;0.0;0.0
40169300;SEM GTIN;ANEL DE VEDACAO PARA UNIAO EPDM TC - 13 - 127,00 5P;4.00;0.0;0.0
73072900;SEM GTIN;TC ABRACADEIRA 304 - 06 - 1P A - 08 - 1.1/2P;4.00;0.0;0.0
73072900;SEM GTIN;TC NIPLE CURTO 304 - 07 - 31,75(1.1/4P) x 12,7MM;4.00;0.0;0.0
73079900;SEM GTIN;TEE 90 FF 3000LBS ASTM A105 - AC DN040 - 1.1/2P BSP;4.00;0.0;0.0
73079200;SEM GTIN;COTOVELO 90 FF 3000LBS ASTM A105 - AC DN025 - 1P SW;4.00;0.0;0.0
84818097;SEM GTIN;VALV BORBOLETA SANIT CAT SILICONE OD SOLDA 316L - 06 - 25,40(1P);4.00;0.0;0.0
73072300;SEM GTIN;CRUZETA OD MODE 1 LONGA PI/PE 316L - 06 - 25,40(1P);4.00;0.0;0.0
73079100;SEM GTIN;FLANGE CEGO RF ANSI B16.5 150LBS ASTM A105 F-AC DN050-2 P;4.00;0.0;0.0
73079100;SEM GTIN;FLANGE SOBREPOSTO SO RF ANSI B16.5 300LBS ASTM A105-AC DN100 DN4P;4.00;0.0;0.0
84818094;SEM GTIN;V. GLOBO ANG 316 SIMPLES ACAO AT PNEUMATICO PN16/10 DN015 - 1/2P BSP;4.00;0.0;0.0
73072900;SEM GTIN;MACHO SMS 304 - 12 - 101,60 4P;4.00;0.0;0.0
73072900;SEM GTIN;NIPLE DUPLO SEXTAVADO MM 150LBS 304 DN025 - 1P BSP;4.00;0.0;0.0
73072300;SEM GTIN;CRUZETA OD MODE 1 LONGA PI/PE 316L - 09 - 50,80(2P);4.00;0.0;0.0
73072300;SEM GTIN;TEE 45 OD PI/PE 304 - 06 - 25,40(1P);4.00;0.0;0.0
84818095;SEM GTIN;VEM MONO 150LBS PR TP 130C 10BAR CORPO INOX 304 DN025-1P BSP;4.00;0.0;0.0
73072200;SEM GTIN;LUVA LISA FF 150LBS 304 DN010 - 3/8P BSP;4.00;0.0;0.0
73072900;SEM GTIN;ER-F ADAPTADOR COM ROSCA MACHO 150LBS 304 DN050 - 2P BSP;4.00;0.0;0.0
73072900;SEM GTIN;BUCHA REDUCAO MF 150LBS 304 DN040 1.1/2P x DN020 3/4P BSP;4.00;0.0;0.0
73079900;SEM GTIN;TEE 90 RED FF 3000LBS ASTM A105 - AC DN040 1.1/2P x DN015 1/2P SW;4.00;0.0;0.0
73079900;SEM GTIN;TEE 90 RED FF 3000LBS ASTM A105 - AC DN025 1P x DN015 1/2P SW;4.00;0.0;0.0
73079200;SEM GTIN;LUVA LISA FF 3000LBS ASTM A105 - AC DN020 - 3/4P NPT;4.00;0.0;0.0
73079200;SEM GTIN;LUVA LISA FF 3000LBS ASTM A105 - AC DN025 - 1P NPT;4.00;0.0;0.0
84818095;SEM GTIN;VEM MONO 150LBS PR TP 130C 10BAR CORPO INOX 304 DN025-1P BSP;4.00;0.0;0.0
73072300;SEM GTIN;TEE 45 OD PI/PE 304 - 10 - 63,50(2.1/2P);4.00;0.0;0.0
73072300;SEM GTIN;TEE 45 OD PI/PE 304 - 10 - 63,50(2.1/2P);4.00;0.0;0.0
73072900;SEM GTIN;BUCHA REDUCAO MF 150LBS 316 DN020 3/4P x DN015 1/2P NPT;4.00;0.0;0.0
84812019;SEM GTIN;"VLV SOL/MOL 2/2 1/2""MBR220VCA VMI5001-5";4.0000;0.0;0.0
84818092;SEM GTIN;VLV 1/8 5/2 SOL DIF 024VCC IMP 8534I-2;12.0000;19.0000;84.3500
84812019;SEM GTIN;VLV 1/8 ROT BAS S/CNX CAN VRO8000;12.0000;0.0;0.0
84812019;SEM GTIN;"VLV SOL/MOL 2/2 3/8""A/D 24VCC VMI6001-2";4.0000;0.0;0.0
85045000;SEM GTIN;BOB SOL 024 VCC/4.8W MINI IMP BM0241I;4.0000;0.0;0.0
84812019;SEM GTIN;"VLV SOL/MOL 2/2 3/4""MBR 24VCC VMI4001-2";4.0000;0.0;0.0
84812019;SEM GTIN;"VLV SOL/MOL 2/2 1/2""MBR220VCA VMI5001-5";4.0000;0.0;0.0
84812019;SEM GTIN;"VLV SOL/MOL 2/2 1/2""MBR110VCA VMI5001-4";4.0000;0.0;0.0
84812019;SEM GTIN;"VLV SOL/MOL 2/2 1/2""MBR 24VCC VMI5001-2";4.0000;0.0;0.0
84812019;SEM GTIN;"VLV SOL/MOL 2/2 1/2""MBR 12VCC VMI5001-1";4.0000;0.0;0.0
84812019;SEM GTIN;"VLV SOL/MOL 2/2 3/4""MBR220VCA VMI4001-5";4.0000;0.0;0.0
84812019;SEM GTIN;"VLV SOL/MOL 2/2 1""MBR 24VCC VMI3001-2";4.0000;0.0;0.0
84812019;SEM GTIN;"VLV SOL/MOL 2/2 1""MBR 220VCA VMI3001-5";4.0000;0.0;0.0
84812090;SEM GTIN;VLV 1/4 5/3 ALV MOL CF IMP 7580CFI;4.0000;0.0;0.0
84812090;SEM GTIN;VLV 1/4 5/2 PED MOL IMP 7540I;4.0000;0.0;0.0
73079100;SEM GTIN;"FLANGE S O 150 LBS 4""ACO CARBONO FORJN93224";4.00;0.0;0.0
73071920;SEM GTIN;"CURVA 90 R LONGO SCH 40 4""ACO CARB.S/COST.90024";4.00;0.0;0.0
73071920;SEM GTIN;CAP A 234 WPB 1-1/2 ACO CARBONO SCH 40 S/COST9301112;4.00;0.0;0.0
73071920;SEM GTIN;"CURVA 90 R LONGO SCH 40 4""ACO CARB.S/COST.90024";4.00;0.0;0.0
73071920;SEM GTIN;RED CONCENTRICA 5 X 3 ACO CARBONO SCH 409240153;4.00;0.0;0.0
73071920;SEM GTIN;RED CONCENTRICA 6 X 3 ACO CARBONO SCH 409240163;4.00;0.0;0.0
73071920;SEM GTIN;RED CONCENTRICA 4 X 3 ACO CARBONO SCH 409240143;4.00;0.0;0.0
73071920;SEM GTIN;RED CONCENTRICA 2 X 1-1/2 ACO CARBONO SCH 40924012112;4.00;0.0;0.0
73071920;SEM GTIN;RED CONCENTRICA 3 X 2-1/2 ACO CARBONO SCH 40924013212;4.00;0.0;0.0
73071920;SEM GTIN;RED EXCENTRICA 6 X 4 ACO CARBONO SCH409241164;4.00;0.0;0.0
73079200;SEM GTIN;"COTOVELO 90 FORJADO2000L.A105 NPT 1""40901";4.00;0.0;0.0
84818095;7899577203951;VALVULA ESFERA TRIPART.EM ACO 1000 PSI;12.0000;19.0000;50.0000
85365090;SEM GTIN;MICRO CH PLASTICA 30mm LS32P31B11 1NA+1NF ALAVANCA C/ROLDANA;4.00;0.0;0.0
84818095;SEM GTIN;"VET 2""PP WCB AC F150 R. ESP. TP ALAV.";12.0000;19.0000;50.0000
84818095;SEM GTIN;"VETD-T 1/2""PR WCB AC/HC BSP TP ALAV.";12.0000;19.0000;50.0000
84818095;SEM GTIN;"VETD-T 1/4""PP WCB AC/E.316/HC BSP TP ALAV.";12.0000;19.0000;50.0000
84818095;SEM GTIN;"VET S1000 2 1/2""PR OCA CF8 SI BSP TP ALAV.";12.0000;19.0000;50.0000
84818095;SEM GTIN;"VET S1000 2""PR CF8 TI BSP TP ALAV.";12.0000;19.0000;50.0000
84818095;SEM GTIN;"VEM-I PN30 3/4""PP LF BSP TP ALAV.";4.0000;19.0000;57.8900
84818095;SEM GTIN;"VEM-I PN30 1""PP LF BSP TP ALAV.";4.0000;19.0000;57.8900
84818095;SEM GTIN;"VET S1000 3""PP WCB AC BSP TP ALAV.";12.0000;19.0000;50.0000
84818095;SEM GTIN;"VET S1000 4""PP OCA WCB AC BSP TP TUBO";12.0000;19.0000;50.0000
84818095;SEM GTIN;"VET S1000 1 1/2""PP WCB AC BSP TR DA63 5/2 24VDC E06 - OC.: 4407";12.0000;19.0000;50.0000
84818095;SEM GTIN;"VET 1/2""PP WCB AC NPT TP ALAV.";12.0000;19.0000;50.0000
84818095;SEM GTIN;"VET 3/4""PP WCB AC NPT TP ALAV.";12.0000;19.0000;50.0000
84818095;SEM GTIN;"VET S1000 1 1/2""PP CF8 TI BSP TP SR75 3/2 24VDC";12.0000;19.0000;50.0000
84818095;SEM GTIN;"VET S1000 1""PP CF8M TI BSP TP SR63 3/2 24VDC";12.0000;19.0000;50.0000
84819090;SEM GTIN;"CONJ DE VALVULA SOL 2""CJ1000I";4.0000;0.0;0.0
84812019;SEM GTIN;"VLV SOL/MOL 2/2 1/2""MBR220VCA VMI5001-5";0.0;0.0;0.0
84213990;SEM GTIN;"FLT REG 1/2""MED IMPORT.C/MAN FRMI2400";4.0000;0.0;0.0
84123110;SEM GTIN;CIL ISO 063 D/A D/AM MAG 063202010;12.0000;0.0;0.0
84123110;SEM GTIN;"CIL FIXADOR 2""X50MM FX20501";12.0000;0.0;0.0
90262010;SEM GTIN;"MANOMETRO 1/4""X40 HORIZONTAL MN2000";4.0000;0.0;0.0
84811000;SEM GTIN;"REG PRS 1/4""MNI IMPORT.C/MAN. RPMI1200";4.0000;0.0;0.0
84213990;7898216660001;"CJ PRP AR 1/4""MNI IMPORTADO CPAI1200";4.0000;0.0;0.0
84812019;SEM GTIN;"VLV SOL/MOL 2/2 3/4""MBR110VCA VMI4001-4";4.0000;0.0;0.0
73079100;SEM GTIN;"FLANGE S O 150 LBS 8""ACO CARBONO FORJN93228";4.00;0.0;0.0
73071920;SEM GTIN;"CURVA 45 R LONGO SCH 40 8""ACO CARB.S/COST.90418";4.00;0.0;0.0
73071920;SEM GTIN;"CURVA 90 R LONGO SCH 40 8""ACO CARB.S/COST.90028";4.00;0.0;0.0
84818097;SEM GTIN;"VALV. BORBOLETA WAFER 150L DISCO INOX 8""BUNA NW02048";4.00;0.0;0.0
73079100;SEM GTIN;"FLANGE LISA RF 150 LBS 6""ACO CARBONO FORJN93246";4.00;0.0;0.0
39173290;SEM GTIN;TUBO TPU 8X1,25 AZUL TRANSPARENTE - 100m;4.0000;0.0;0.0
39173290;SEM GTIN;ESPIRAL COM CONEXAO 45X3,5 | TUBO TPU 8X1,25 AZUL | COMP. APROX. TRAB: 1,8m | COMP. LINEAR: 3,5m;4.0000;0.0;0.0
39173290;SEM GTIN;ESPIRAL 100X3,5 | TUBO FEP NATURAL 8X1 | COMP. APROX. TRAB: 1,8m | COMP. LINEAR: 3,5m;12.0000;0.0;0.0
39173290;SEM GTIN;TUBO TPU 12X2 AZUL - 50m;4.0000;0.0;0.0
39173290;SEM GTIN;TUBO TPU 8X1,25 CINZA - 100m;4.0000;0.0;0.0
39173290;SEM GTIN;TUBO TPU 8X1,25 AMARELO - 100m;4.0000;0.0;0.0
39173290;SEM GTIN;TUBO TPU 8X1,25 VERDE - 100m;4.0000;0.0;0.0
39173290;SEM GTIN;TUBO TPU 8X1,25 VERDE - 100m;4.0000;0.0;0.0
39173290;SEM GTIN;TUBO TPU 8X1,25 CINZA - 100m;4.0000;0.0;0.0
39173290;SEM GTIN;TUBO TPU 8X1,25 AMARELO - 100m;4.0000;0.0;0.0
39173290;SEM GTIN;TUBO TPU 8X1,25 AZUL - 100m;4.0000;0.0;0.0
39173290;SEM GTIN;TUBO TPU 8X1,25 AZUL - 100m;4.0000;0.0;0.0
84818095;7899577207041;VALVULA ESFERA TRIPART.EM ACO 1000 PSI;12.0000;19.0000;50.0000
84818095;7899577203920;VALVULA ESFERA TRIPART.EM ACO 1000 PSI;12.0000;19.0000;50.0000
84818095;7899577204149;VALVULA ESFERA TRIPART.EM ACO 1000 PSI;12.0000;19.0000;50.0000
84818095;7899577201810;VALVULA ESFERA BIP.EM ACO CLASS 150;12.0000;19.0000;50.0000
84818095;7899577204026;VALVULA ESFERA TRIPART.EM ACO 1000 PSI;12.0000;19.0000;50.0000
84818095;7899577204019;VALVULA ESFERA TRIPART.EM ACO 1000 PSI;12.0000;19.0000;50.0000
84818095;7899577207058;VALVULA ESFERA TRIPART.EM ACO 1000 PSI;12.0000;19.0000;50.0000
84818095;7899577206952;VALVULA ESFERA TRIPART.EM ACO 1000 PSI;12.0000;19.0000;50.0000
84818095;7899577202312;VALVULA ESFERA BIP.EM ACO CLASS 150;12.0000;19.0000;50.0000
39251000;7898283380482;RESERV.FIB. 25.000L C/TPA BAKOF;12.0000;19.0000;57.5300
39251000;7898534298269;RESERV.POL. 5.000L C/TPA BAKOF;12.0000;19.0000;57.5300
39251000;7898283380482;RESERV.FIB. 25.000L C/TPA BAKOF;12.0000;19.0000;57.5300
39251000;7898534298269;RESERV.POL. 5.000L C/TPA BAKOF;12.0000;19.0000;57.5300
84818095;SEM GTIN;"VEB FS 2""PP WCB AC/P.B72H-PRETO-ETIQUETA F150 R. ESP. TR ALAV.";12.0000;19.0000;50.0000
84818095;SEM GTIN;"VEM 2000 WOG 1/2""PP CF8M TI NPT TRS ALAV EMB.";12.0000;19.0000;50.0000
84818095;SEM GTIN;"VEM 2000 WOG 1/4""PP CF8M TI NPT TRS ALAV EMB.";12.0000;19.0000;50.0000
84818095;SEM GTIN;"VET CL 800 1/2""PP A 182 - 304 SI/B72H-PRETO NPT TCS ALAV.";12.0000;19.0000;50.0000
84818095;SEM GTIN;"VET CL 800 3/4""PP A 182 - 304 SI/B72H-PRETO SW TCS ALAV.";12.0000;19.0000;50.0000
84818095;SEM GTIN;"VET S1000 3/4""PP WCB AC NPT TP ALAV.";12.0000;19.0000;50.0000
84818092;SEM GTIN;VLV 1/8 5/2 SOL DIF 220VCA IMP 8534I-5;0.0;0.0;0.0
73079100;SEM GTIN;"FLANGE LAP JOINT 150 LBS 6""AC FORJN93256";4.00;0.0;0.0
73071920;SEM GTIN;RED CONCENTRICA 8 X 4 ACO CARBONO SCH 409240184;4.00;0.0;0.0
84818097;SEM GTIN;"VALV. BORBOLETA WAFER 150L DISCO INOX 4""BUNA NW02044";4.00;0.0;0.0
84818097;SEM GTIN;"VALV. BORBOLETA WAFER 150L DISCO INOX 6""BUNA NW02046";4.00;0.0;0.0
84818097;SEM GTIN;"VALV. BORBOLETA DISCO EM FERRO DUCTIL 150L 2.1/2""BUNA NW0206212";4.00;0.0;0.0
84818097;SEM GTIN;"VALV. BORBOLETA DISCO EM FERRO DUCTIL 150L 3""BUNA NW02063";4.00;0.0;0.0
84818097;SEM GTIN;"VALV. BORBOLETA DISCO EM FERRO DUCTIL 150L 4""BUNA NW02064";4.00;0.0;0.0
84818097;SEM GTIN;"VALV. BORBOLETA DISCO EM FERRO DUCTIL 150L 6""BUNA NW02066";4.00;0.0;0.0
84818097;SEM GTIN;"VALV. BORBOLETA DISCO EM FERRO DUCTIL 150L 8""BUNA NW02068";4.00;0.0;0.0
84818097;SEM GTIN;"VALV. BORBOLETA WAFER 150L DISCO INOX 3""BUNA NW02043";4.00;0.0;0.0
84818097;SEM GTIN;"VALV. BORBOLETA WAFER 150L DISCO INOX 4""BUNA NW02044";4.00;0.0;0.0
84818097;SEM GTIN;"VALV. BORBOLETA WAFER 150L DISCO INOX 6""BUNA NW02046";4.00;0.0;0.0
84818097;SEM GTIN;"VALV. BORBOLETA WAFER 150L DISCO INOX 8""BUNA NW02048";4.00;0.0;0.0
84818097;SEM GTIN;"VALV. BORBOLETA DISCO EM FERRO DUCTIL 150L 4""W02064";4.00;0.0;0.0
73071920;SEM GTIN;"CURVA 90 R LONGO SCH 40 6""ACO CARB.S/COST.90026";4.00;0.0;0.0
84818097;SEM GTIN;"VALV. BORBOLETA DISCO EM FERRO DUCTIL 150L 4""W02064";4.00;0.0;0.0
73071920;SEM GTIN;RED CONCENTRICA 2-1/2 X 1-1/2 ACO CARB. SCH4092401212112;4.00;0.0;0.0
84818095;7899577206938;VALVULA ESFERA TRIPART.EM ACO 1000 PSI;12.0000;19.0000;50.0000
84818095;7899577205696;VALVULA ESFERA TRIPART.EM ACO 1000 PSI;12.0000;19.0000;50.0000
84818095;7899577201810;VALVULA ESFERA BIP.EM ACO CLASS 150;12.0000;19.0000;50.0000
84818095;7899577203951;VALVULA ESFERA TRIPART.EM ACO 1000 PSI;12.0000;19.0000;50.0000
84818095;7899577209755;VALVULA ESFERA TRIPART.EM ACO 1000 PSI;12.0000;19.0000;50.0000
84818095;7899577203975;VALVULA ESFERA TRIPART.EM ACO 1000 PSI;12.0000;19.0000;50.0000
84818095;7899577204651;VALVULA ESFERA TRIPART.EM ACO 1000 PSI;12.0000;19.0000;50.0000
39251000;7898283380482;RESERV.FIB. 25.000L C/TPA BAKOF;12.0000;19.0000;57.5300
39251000;7898534298269;RESERV.POL. 5.000L C/TPA BAKOF;12.0000;19.0000;57.5300
84818095;SEM GTIN;"VET S1000 1""PP CF8M TI SW TP ALAV.";12.0000;19.0000;50.0000
84818095;SEM GTIN;"VET S1000 3/4""PP CF8M TI SW TP ALAV.";12.0000;19.0000;50.0000
